0,1, ,d,e, ,e,n,e,r,o,-,2,0,2,4,,,,
HORA:,TEMPERATURA (°C):,CLIMA:,PRECIPITACIONES (mm),HUMEDAD:,NUBOSIDAD:,DIRECCION DEL VIENTO:,VELOCIDAD DEL VIENTO (Km/h):,RAFAGA DEL VIENTO (Km/h):,VISIBILIDAD (Km):,,,,,,,,,,
0:00,12,Despejado,0,56%,7%,W,3.2,6.8,10,,,,,,,,,,
1:00,11.6,Despejado,0,58%,5%,NW,5.8,12.1,10,,,,,,,,,,
2:00,11.2,Despejado,0,60%,15%,NNW,7.6,15.9,10,,,,,,,,,,
3:00,10.5,Despejado,0,62%,22%,NNW,6.1,12.9,10,,,,,,,,,,
4:00,10.4,Cielo cubierto,0,64%,100%,NNW,6.5,13.6,10,,,,,,,,,,
5:00,10.3,Despejado,0,65%,4%,NW,5,10.6,10,,,,,,,,,,
6:00,10.4,Despejado,0,65%,7%,NW,7.2,15.1,10,,,,,,,,,,
7:00,10.5,Soleado,0,66%,9%,NW,6.1,12.6,10,,,,,,,,,,
8:00,10.6,Soleado,0,67%,14%,NW,6.8,13.9,10,,,,,,,,,,
9:00,12.3,Soleado,0,61%,14%,NW,6.5,10.5,10,,,,,,,,,,
10:00,14.3,Parcialmente nublado,0,54%,49%,NNW,8.3,10.5,10,,,,,,,,,,
11:00,15.9,Cielo cubierto,0,48%,88%,NNW,11.9,13.8,10,,,,,,,,,,
12:00,17.1,Parcialmente nublado,0,44%,30%,NNW,12.2,14.1,10,,,,,,,,,,
13:00,18.1,Parcialmente nublado,0,41%,26%,NNW,11.5,13.2,10,,,,,,,,,,
14:00,18.6,Soleado,0,38%,20%,N,11.9,13.7,10,,,,,,,,,,
15:00,18.9,Soleado,0,36%,20%,N,12.2,14.2,10,,,,,,,,,,
16:00,18.9,Parcialmente nublado,0,35%,30%,N,10.8,13.5,10,,,,,,,,,,
17:00,18,Parcialmente nublado,0,37%,27%,N,7.6,11.2,10,,,,,,,,,,
18:00,15.5,Despejado,0,44%,24%,NNW,8.6,17,10,,,,,,,,,,
19:00,14.3,Despejado,0,48%,22%,NW,9,18.9,10,,,,,,,,,,
20:00,13.8,Despejado,0,49%,15%,NW,9,18.9,10,,,,,,,,,,
21:00,13.5,Despejado,0,50%,11%,WNW,9,18.9,10,,,,,,,,,,
22:00,13.2,Despejado,0,51%,9%,NW,8.6,18.1,10,,,,,,,,,,
23:00,12.8,Despejado,0,52%,8%,NW,7.9,16.6,10,,,,,,,,,,
2, ,d,e, ,e,n,e,r,o,-,2,0,2,4,,,,,
0:00,12.4,Despejado,0,52%,2%,W,7.6,15.9,10,,,,,,,,,,
1:00,12,Despejado,0,52%,2%,WNW,5.4,11.3,10,,,,,,,,,,
2:00,11.7,Despejado,0,51%,0%,NW,4.7,9.8,10,,,,,,,,,,
3:00,11.4,Despejado,0,51%,0%,NW,5.8,12.1,10,,,,,,,,,,
4:00,11.2,Despejado,0,50%,0%,WNW,5.8,12.1,10,,,,,,,,,,
5:00,11.1,Despejado,0,51%,2%,WNW,5.4,11.3,10,,,,,,,,,,
6:00,10.9,Despejado,0,50%,2%,WNW,2.9,6,10,,,,,,,,,,
7:00,10.9,Soleado,0,50%,2%,WNW,2.2,4.5,10,,,,,,,,,,
8:00,11,Soleado,0,48%,3%,W,1.8,3.8,10,,,,,,,,,,
9:00,13.5,Soleado,0,42%,3%,ESE,1.1,2.1,10,,,,,,,,,,
10:00,16.1,Soleado,0,34%,2%,N,0.7,1,10,,,,,,,,,,
11:00,17.9,Soleado,0,30%,2%,NNW,2.2,2.7,10,,,,,,,,,,
12:00,19.2,Soleado,0,26%,0%,N,2.5,3.1,10,,,,,,,,,,
13:00,20.1,Soleado,0,25%,1%,W,4.3,5.1,10,,,,,,,,,,
14:00,20.6,Soleado,0,23%,4%,W,5,6.1,10,,,,,,,,,,
15:00,20.9,Soleado,0,23%,0%,WSW,4,4.9,10,,,,,,,,,,
16:00,20.9,Soleado,0,23%,8%,WSW,3.6,4.6,10,,,,,,,,,,
17:00,19.6,Despejado,0,27%,11%,SW,3.2,5.1,10,,,,,,,,,,
18:00,16.5,Despejado,0,31%,15%,SW,1.8,3.8,10,,,,,,,,,,
19:00,15.6,Despejado,0,33%,19%,ESE,3.2,6.8,10,,,,,,,,,,
20:00,15,Nublado,0,34%,64%,SE,4,8.3,10,,,,,,,,,,
21:00,14.9,Cielo cubierto,0,35%,93%,SSE,4,8.3,10,,,,,,,,,,
22:00,14.8,Despejado,0,35%,6%,SSE,5.4,11.3,10,,,,,,,,,,
23:00,14.4,Despejado,0,36%,7%,S,5,10.6,10,,,,,,,,,,
3, ,d,e, ,e,n,e,r,o,-,2,0,2,4,,,,,
0:00,14.2,Despejado,0,37%,20%,SSE,5,10.6,10,,,,,,,,,,
1:00,14.6,Parcialmente nublado,0,36%,36%,SSE,4.3,9.1,10,,,,,,,,,,
2:00,14,Despejado,0,38%,6%,SSE,4.7,9.8,10,,,,,,,,,,
3:00,12.8,Despejado,0,41%,0%,SSE,2.5,5.3,10,,,,,,,,,,
4:00,12.3,Despejado,0,43%,0%,ESE,3.6,7.6,10,,,,,,,,,,
5:00,11.9,Despejado,0,44%,0%,ESE,4.7,9.8,10,,,,,,,,,,
6:00,11.6,Despejado,0,45%,10%,SE,4.3,9.1,10,,,,,,,,,,
7:00,11.3,Cielo cubierto,0,47%,99%,SSE,4.3,9.1,10,,,,,,,,,,
8:00,11.9,Parcialmente nublado,0,46%,62%,SE,6.5,13.6,10,,,,,,,,,,
9:00,13.7,Cielo cubierto,0,42%,90%,SE,9.4,16.9,10,,,,,,,,,,
10:00,16.2,Soleado,0,36%,6%,SSE,9.4,12.2,10,,,,,,,,,,
11:00,18,Soleado,0,32%,1%,SSE,9.7,11.4,10,,,,,,,,,,
12:00,19.3,Soleado,0,28%,7%,SSE,10.1,11.6,10,,,,,,,,,,
13:00,20.2,Soleado,0,26%,4%,S,9.7,11.2,10,,,,,,,,,,
14:00,20.8,Parcialmente nublado,0,24%,32%,S,9.7,11.2,10,,,,,,,,,,
15:00,20.9,Soleado,0,22%,10%,SSW,7.2,8.5,10,,,,,,,,,,
16:00,20.9,Soleado,0,22%,4%,WSW,6.5,8.2,10,,,,,,,,,,
17:00,19.4,Despejado,0,31%,9%,WNW,23.8,33.3,10,,,,,,,,,,
18:00,15.4,Lluvia moderada a intervalos,"0,0",50%,70%,W,37.4,56,10,,,,,,,,,,
19:00,14.9,Parcialmente nublado,0,47%,44%,WSW,22,33,10,,,,,,,,,,
20:00,14.8,Despejado,0,45%,8%,WSW,18.4,27.8,10,,,,,,,,,,
21:00,13.4,Despejado,0,50%,3%,W,14,24.7,10,,,,,,,,,,
22:00,12.4,Despejado,0,52%,0%,WNW,12.6,24,10,,,,,,,,,,
23:00,12.3,Despejado,0,54%,0%,W,13.3,24.6,10,,,,,,,,,,
4, ,d,e, ,e,n,e,r,o,-,2,0,2,4,,,,,
0:00,12,Despejado,0,60%,3%,WNW,15.5,30.5,10,,,,,,,,,,
1:00,11.9,Despejado,0,60%,2%,W,15.5,30.8,10,,,,,,,,,,
2:00,11.9,Despejado,0,59%,2%,WSW,16.9,34.2,10,,,,,,,,,,
3:00,11.8,Despejado,0,58%,0%,W,14.4,30.2,10,,,,,,,,,,
4:00,11.2,Despejado,0,61%,0%,W,11.9,24.9,10,,,,,,,,,,
5:00,10.3,Despejado,0,65%,0%,WNW,9.4,19.7,10,,,,,,,,,,
6:00,9.7,Despejado,0,68%,0%,WNW,8.6,18.1,10,,,,,,,,,,
7:00,9,Soleado,0,70%,0%,NW,8.3,17.4,10,,,,,,,,,,
8:00,8.9,Soleado,0,70%,0%,NW,7.6,15.9,10,,,,,,,,,,
9:00,11.4,Soleado,0,59%,0%,NW,5,8.4,10,,,,,,,,,,
10:00,14.1,Soleado,0,50%,0%,WNW,5,6.4,10,,,,,,,,,,
11:00,16,Soleado,0,42%,0%,W,6.1,7.2,10,,,,,,,,,,
12:00,17.5,Soleado,0,34%,0%,WNW,7.6,8.7,10,,,,,,,,,,
13:00,18.7,Soleado,0,27%,0%,NW,8.6,9.9,10,,,,,,,,,,
14:00,19.5,Soleado,0,22%,9%,NW,10.1,11.6,10,,,,,,,,,,
15:00,19.8,Soleado,0,19%,20%,NW,9.7,11.2,10,,,,,,,,,,
16:00,19.8,Soleado,0,18%,12%,NW,9,11.1,10,,,,,,,,,,
17:00,18.8,Despejado,0,20%,9%,NNW,6.8,10.3,10,,,,,,,,,,
18:00,15.3,Despejado,0,24%,5%,N,5.4,11.3,10,,,,,,,,,,
19:00,14.2,Despejado,0,26%,0%,NE,5.4,11.3,10,,,,,,,,,,
20:00,13.4,Despejado,0,28%,0%,ENE,6.8,14.4,10,,,,,,,,,,
21:00,12.7,Despejado,0,31%,0%,E,7.6,15.9,10,,,,,,,,,,
22:00,12,Despejado,0,34%,0%,ESE,5,10.6,10,,,,,,,,,,
23:00,11.8,Despejado,0,35%,0%,SSE,4,8.3,10,,,,,,,,,,
5, ,d,e, ,e,n,e,r,o,-,2,0,2,4,,,,,
0:00,12.2,Despejado,0,32%,0%,SSW,5,10.6,10,,,,,,,,,,
1:00,11.8,Despejado,0,32%,0%,SSW,5.4,11.3,10,,,,,,,,,,
2:00,11.6,Despejado,0,33%,0%,SSW,4,8.3,10,,,,,,,,,,
3:00,11.3,Despejado,0,34%,0%,SE,2.9,6,10,,,,,,,,,,
4:00,10.9,Despejado,0,36%,0%,SSE,3.2,6.8,10,,,,,,,,,,
5:00,10.5,Despejado,0,37%,0%,SSE,2.5,5.3,10,,,,,,,,,,
6:00,10.2,Despejado,0,39%,2%,ESE,2.2,4.5,10,,,,,,,,,,
7:00,10.1,Soleado,0,39%,5%,SE,5,10.6,10,,,,,,,,,,
8:00,10.3,Soleado,0,40%,5%,SE,6.1,12.9,10,,,,,,,,,,
9:00,12.6,Soleado,0,36%,6%,ESE,4,7.2,10,,,,,,,,,,
10:00,15.1,Soleado,0,31%,5%,SE,3.2,4.2,10,,,,,,,,,,
11:00,16.8,Soleado,0,28%,6%,SE,5.8,7.1,10,,,,,,,,,,
12:00,18.5,Soleado,0,25%,0%,SSE,9.4,10.8,10,,,,,,,,,,
13:00,19.4,Parcialmente nublado,0,22%,61%,SSE,8.3,9.5,10,,,,,,,,,,
14:00,19.9,Cielo cubierto,0,20%,100%,SE,4.3,5.1,10,,,,,,,,,,
15:00,20,Soleado,0,20%,6%,ENE,0.7,0.9,10,,,,,,,,,,
16:00,20,Soleado,0,20%,7%,NNW,3.6,4.6,10,,,,,,,,,,
17:00,18.7,Despejado,0,23%,7%,N,7.6,11.6,10,,,,,,,,,,
18:00,15.7,Despejado,0,30%,4%,N,9.4,18.5,10,,,,,,,,,,
19:00,13.8,Despejado,0,36%,17%,NNW,10.4,21.7,10,,,,,,,,,,
20:00,12.8,Despejado,0,39%,0%,NNW,9.4,19.7,10,,,,,,,,,,
21:00,12.3,Despejado,0,40%,2%,NW,7.9,16.6,10,,,,,,,,,,
22:00,11.9,Despejado,0,41%,2%,NW,7.9,16.6,10,,,,,,,,,,
23:00,11.5,Despejado,0,41%,0%,NW,6.1,12.9,10,,,,,,,,,,
6, ,d,e, ,e,n,e,r,o,-,2,0,2,4,,,,,
0:00,12,Despejado,0,31%,0%,NNW,4.3,9.1,10,,,,,,,,,,
1:00,11.6,Despejado,0,32%,0%,WNW,3.6,7.6,10,,,,,,,,,,
2:00,11.6,Despejado,0,32%,0%,W,5.4,11.3,10,,,,,,,,,,
3:00,11.2,Despejado,0,32%,0%,NNW,3.6,7.6,10,,,,,,,,,,
4:00,10.8,Despejado,0,33%,0%,NNE,4.3,9.1,10,,,,,,,,,,
5:00,10.2,Despejado,0,34%,0%,NE,3.6,7.6,10,,,,,,,,,,
6:00,9.9,Despejado,0,34%,0%,ENE,1.4,3,10,,,,,,,,,,
7:00,9.7,Soleado,0,34%,0%,SW,1.8,3.8,10,,,,,,,,,,
8:00,10.3,Soleado,0,32%,0%,S,6.1,12.9,10,,,,,,,,,,
9:00,13,Soleado,0,28%,0%,SSE,6.8,13.5,10,,,,,,,,,,
10:00,16,Soleado,0,21%,0%,SSE,7.2,9.6,10,,,,,,,,,,
11:00,17.8,Soleado,0,18%,0%,SSE,10.8,12.5,10,,,,,,,,,,
12:00,18.8,Soleado,0,16%,0%,SSE,10.8,12.4,10,,,,,,,,,,
13:00,19.5,Soleado,0,15%,0%,SE,11.2,12.9,10,,,,,,,,,,
14:00,19.9,Soleado,0,14%,0%,SE,12.6,14.5,10,,,,,,,,,,
15:00,20.1,Soleado,0,13%,3%,SE,14,16.2,10,,,,,,,,,,
16:00,19.9,Soleado,0,13%,2%,SSE,13.7,16.9,10,,,,,,,,,,
17:00,18.8,Despejado,0,15%,4%,SSE,13,19.5,10,,,,,,,,,,
18:00,15.8,Despejado,0,18%,6%,S,13.7,28.7,10,,,,,,,,,,
19:00,14.7,Despejado,0,20%,3%,S,12.2,25.7,10,,,,,,,,,,
20:00,14.3,Despejado,0,23%,4%,SW,10.8,22.7,10,,,,,,,,,,
21:00,14.3,Despejado,0,26%,5%,WSW,13,26.8,10,,,,,,,,,,
22:00,13.9,Despejado,0,27%,8%,WSW,14,29.2,10,,,,,,,,,,
23:00,13.7,Despejado,0,27%,19%,WSW,14,29.4,10,,,,,,,,,,
7, ,d,e, ,e,n,e,r,o,-,2,0,2,4,,,,,
0:00,12.8,Parcialmente nublado,0,30%,49%,WSW,10.1,21.2,10,,,,,,,,,,
1:00,12.9,Parcialmente nublado,0,37%,31%,WSW,15.8,31.6,10,,,,,,,,,,
2:00,12.9,Despejado,0,44%,7%,WSW,19.4,37.1,10,,,,,,,,,,
3:00,12.6,Despejado,0,48%,0%,SW,15.8,30.5,10,,,,,,,,,,
4:00,12.2,Despejado,0,50%,9%,SW,16.6,32.3,10,,,,,,,,,,
5:00,12,Parcialmente nublado,0,51%,60%,SSW,15.8,31.1,10,,,,,,,,,,
6:00,12.6,Llovizna,"0,2",49%,100%,SSW,18.4,32.8,2,,,,,,,,,,
7:00,13.1,Lluvia moderada a intervalos,"0,1",56%,100%,WSW,20.5,34.2,10,,,,,,,,,,
8:00,13.4,Soleado,0,52%,7%,W,32.8,49.4,10,,,,,,,,,,
9:00,13.2,Soleado,0,49%,8%,W,35.6,50.5,10,,,,,,,,,,
10:00,14.4,Soleado,0,42%,22%,W,33.1,39.8,10,,,,,,,,,,
11:00,15.5,Soleado,0,36%,23%,W,31.7,36.8,10,,,,,,,,,,
12:00,15.9,Parcialmente nublado,0,32%,27%,NW,29.2,33.6,10,,,,,,,,,,
13:00,15.6,Parcialmente nublado,0,33%,25%,NW,24.8,28.6,10,,,,,,,,,,
14:00,16.5,Parcialmente nublado,0,27%,46%,NW,25.2,29,10,,,,,,,,,,
15:00,16.5,Nublado,0,24%,82%,NW,24.5,28.2,10,,,,,,,,,,
16:00,16.2,Parcialmente nublado,0,20%,43%,NNW,25.2,31.1,10,,,,,,,,,,
17:00,15.7,Parcialmente nublado,0,21%,51%,NNW,26.6,36,10,,,,,,,,,,
18:00,14.2,Parcialmente nublado,0,18%,45%,NNW,27.7,43.7,10,,,,,,,,,,
19:00,13.3,Despejado,0,15%,20%,NNW,29.2,47.6,10,,,,,,,,,,
20:00,12.9,Despejado,0,14%,6%,NNW,27.7,47.2,10,,,,,,,,,,
21:00,12.4,Despejado,0,15%,0%,NNW,26.6,46.7,10,,,,,,,,,,
22:00,11.9,Despejado,0,17%,3%,NNW,26.3,46,10,,,,,,,,,,
23:00,11.4,Despejado,0,19%,0%,NNW,23.8,42.3,10,,,,,,,,,,
8, ,d,e, ,e,n,e,r,o,-,2,0,2,4,,,,,
0:00,8.4,Despejado,0,31%,0%,WNW,9.7,20.4,10,,,,,,,,,,
1:00,8,Despejado,0,32%,0%,NW,8.6,18.1,10,,,,,,,,,,
2:00,7.6,Despejado,0,31%,0%,NNW,7.2,15.1,10,,,,,,,,,,
3:00,7.3,Despejado,0,31%,0%,NW,8.3,17.4,10,,,,,,,,,,
4:00,7.1,Despejado,0,31%,0%,NW,10.1,21.2,10,,,,,,,,,,
5:00,7,Despejado,0,31%,0%,NW,11.2,23.4,10,,,,,,,,,,
6:00,6.9,Despejado,0,30%,0%,NW,12.2,25.7,10,,,,,,,,,,
7:00,6.5,Soleado,0,30%,0%,NW,9.7,20.4,10,,,,,,,,,,
8:00,6.7,Soleado,0,29%,0%,NW,9,18.9,10,,,,,,,,,,
9:00,9.4,Soleado,0,24%,0%,NW,8.6,15.2,10,,,,,,,,,,
10:00,12.4,Soleado,0,19%,0%,NNW,12.6,16.1,10,,,,,,,,,,
11:00,14.5,Soleado,0,14%,0%,NNW,18.4,21.1,10,,,,,,,,,,
12:00,15.6,Soleado,0,12%,0%,NNW,19.1,22,10,,,,,,,,,,
13:00,16.3,Soleado,0,11%,0%,NNW,18,20.7,10,,,,,,,,,,
14:00,16.7,Soleado,0,10%,0%,NNW,16.9,19.5,10,,,,,,,,,,
15:00,16.8,Soleado,0,10%,4%,NNW,16.6,19,10,,,,,,,,,,
16:00,16.6,Soleado,0,10%,13%,NNW,16.2,19.5,10,,,,,,,,,,
17:00,15.8,Parcialmente nublado,0,11%,32%,NNW,13.7,19.5,10,,,,,,,,,,
18:00,12.6,Despejado,0,14%,0%,NNW,10.4,21.9,10,,,,,,,,,,
19:00,11.2,Despejado,0,16%,0%,NNW,7.9,16.6,10,,,,,,,,,,
20:00,10.4,Despejado,0,18%,0%,NNW,5.8,12.1,10,,,,,,,,,,
21:00,9.8,Despejado,0,19%,0%,NNW,3.6,7.6,10,,,,,,,,,,
22:00,9.3,Despejado,0,19%,0%,NNE,3.2,6.8,10,,,,,,,,,,
23:00,8.9,Despejado,0,21%,0%,ENE,2.9,6,10,,,,,,,,,,
9, ,d,e, ,e,n,e,r,o,-,2,0,2,4,,,,,
0:00,8.5,Despejado,0,20%,0%,SW,2.5,5.3,10,,,,,,,,,,
1:00,8.4,Despejado,0,20%,0%,SSE,3.6,7.6,10,,,,,,,,,,
2:00,8.3,Despejado,0,20%,0%,SE,5,10.6,10,,,,,,,,,,
3:00,8.1,Despejado,0,21%,0%,ESE,5.4,11.3,10,,,,,,,,,,
4:00,7.8,Despejado,0,21%,0%,SE,4.3,9.1,10,,,,,,,,,,
5:00,7.7,Despejado,0,21%,0%,SE,4.3,9.1,10,,,,,,,,,,
6:00,7.6,Despejado,0,21%,0%,ESE,4.7,9.8,10,,,,,,,,,,
7:00,7.3,Soleado,0,22%,0%,ESE,4.3,9.1,10,,,,,,,,,,
8:00,7.4,Soleado,0,22%,0%,ESE,3.6,7.6,10,,,,,,,,,,
9:00,10.1,Soleado,0,19%,0%,ESE,3.6,6.4,10,,,,,,,,,,
10:00,12.6,Soleado,0,15%,0%,SE,5.8,7.5,10,,,,,,,,,,
11:00,14.2,Soleado,0,14%,0%,SE,6.5,7.9,10,,,,,,,,,,
12:00,15.4,Soleado,0,12%,0%,SE,6.8,8,10,,,,,,,,,,
13:00,16.2,Soleado,0,12%,0%,SE,6.5,7.6,10,,,,,,,,,,
14:00,16.8,Soleado,0,11%,0%,SE,5,6,10,,,,,,,,,,
15:00,17.2,Soleado,0,11%,0%,E,4.3,5.2,10,,,,,,,,,,
16:00,17.3,Soleado,0,11%,0%,ESE,6.5,8,10,,,,,,,,,,
17:00,16.4,Despejado,0,13%,0%,ESE,8.6,12.2,10,,,,,,,,,,
18:00,12.9,Despejado,0,16%,0%,ESE,9.7,20.4,10,,,,,,,,,,
19:00,11.7,Despejado,0,18%,0%,ESE,8.6,18.1,10,,,,,,,,,,
20:00,11.2,Despejado,0,19%,6%,ESE,7.9,16.6,10,,,,,,,,,,
21:00,10.9,Despejado,0,19%,1%,SE,7.6,15.9,10,,,,,,,,,,
22:00,10.6,Despejado,0,20%,5%,SSE,7.6,15.9,10,,,,,,,,,,
23:00,10.2,Despejado,0,20%,13%,SSE,6.8,14.4,10,,,,,,,,,,
1,0, ,d,e, ,e,n,e,r,o,-,2,0,2,4,,,,
0:00,9.3,Despejado,0,21%,3%,SSE,5.8,12.1,10,,,,,,,,,,
1:00,8.7,Despejado,0,22%,3%,ESE,2.5,5.3,10,,,,,,,,,,
2:00,8.3,Despejado,0,22%,0%,ENE,2.9,6,10,,,,,,,,,,
3:00,8.1,Despejado,0,22%,0%,SE,4.3,9.1,10,,,,,,,,,,
4:00,7.8,Despejado,0,23%,0%,ESE,2.9,6,10,,,,,,,,,,
5:00,7.5,Despejado,0,24%,0%,E,3.2,6.8,10,,,,,,,,,,
6:00,7.4,Despejado,0,24%,0%,SE,4.3,9.1,10,,,,,,,,,,
7:00,7.2,Soleado,0,24%,0%,SE,4.3,9.1,10,,,,,,,,,,
8:00,7.4,Soleado,0,25%,0%,SE,5.8,12.1,10,,,,,,,,,,
9:00,10,Soleado,0,22%,0%,SE,7.6,13.6,10,,,,,,,,,,
10:00,12.8,Soleado,0,18%,0%,SE,7.2,9.2,10,,,,,,,,,,
11:00,14.5,Soleado,0,16%,0%,SE,6.8,8.2,10,,,,,,,,,,
12:00,16,Soleado,0,15%,0%,SE,9.7,11.2,10,,,,,,,,,,
13:00,17.1,Soleado,0,15%,0%,SSE,10.1,11.6,10,,,,,,,,,,
14:00,17.9,Soleado,0,15%,0%,SSE,8.6,9.9,10,,,,,,,,,,
15:00,18.4,Soleado,0,15%,0%,SSE,7.9,9.1,10,,,,,,,,,,
16:00,18.6,Soleado,0,16%,0%,S,9.4,11.6,10,,,,,,,,,,
17:00,17.9,Despejado,0,18%,0%,S,8.3,12.2,10,,,,,,,,,,
18:00,14.7,Despejado,0,24%,0%,S,8.3,17.4,10,,,,,,,,,,
19:00,13.5,Despejado,0,33%,0%,SSW,7.2,15.1,10,,,,,,,,,,
20:00,12.7,Despejado,0,42%,0%,SW,5,10.6,10,,,,,,,,,,
21:00,12.1,Despejado,0,50%,0%,W,5.8,12.1,10,,,,,,,,,,
22:00,12.7,Despejado,0,51%,0%,WSW,16.6,34,10,,,,,,,,,,
23:00,13.2,Despejado,0,49%,0%,WSW,24.5,46.4,10,,,,,,,,,,
1,1, ,d,e, ,e,n,e,r,o,-,2,0,2,4,,,,
0:00,12.8,Despejado,0,50%,0%,WSW,20.5,39.1,10,,,,,,,,,,
1:00,12.5,Despejado,0,52%,0%,W,23.8,45.3,10,,,,,,,,,,
2:00,12.7,Despejado,0,53%,0%,W,25.9,48.3,10,,,,,,,,,,
3:00,12.3,Despejado,0,55%,0%,WSW,23.4,45.7,10,,,,,,,,,,
4:00,12.3,Despejado,0,57%,0%,WSW,26.3,50.7,10,,,,,,,,,,
5:00,12.5,Despejado,0,59%,0%,WSW,31,57.6,10,,,,,,,,,,
6:00,12.6,Despejado,0,59%,0%,W,33.1,60,10,,,,,,,,,,
7:00,12.4,Soleado,0,60%,0%,W,29.5,54.6,10,,,,,,,,,,
8:00,12.2,Soleado,0,61%,0%,W,24.1,44.2,10,,,,,,,,,,
9:00,13.5,Soleado,0,56%,0%,WNW,21.6,32.6,10,,,,,,,,,,
10:00,15.3,Soleado,0,48%,10%,NW,22.7,27.8,10,,,,,,,,,,
11:00,16.6,Parcialmente nublado,0,42%,42%,NW,27.4,31.5,10,,,,,,,,,,
12:00,16.3,Lluvia moderada a intervalos,"0,0",40%,89%,NNW,26.6,30.6,10,,,,,,,,,,
13:00,14.5,Lluvia moderada a intervalos,"0,0",32%,58%,N,30.6,39.4,10,,,,,,,,,,
14:00,15.7,Lluvia moderada a intervalos,"0,0",20%,82%,NNW,26.3,32.5,10,,,,,,,,,,
15:00,15.8,Soleado,0,16%,13%,NNW,28.1,36.7,10,,,,,,,,,,
16:00,16,Soleado,0,14%,0%,N,30.6,37.9,10,,,,,,,,,,
17:00,15.3,Despejado,0,14%,0%,N,24.8,34.2,10,,,,,,,,,,
18:00,12.4,Despejado,0,17%,0%,NNW,16.6,32.3,10,,,,,,,,,,
19:00,10.5,Despejado,0,21%,0%,NNW,12.6,26.5,10,,,,,,,,,,
20:00,9.7,Despejado,0,23%,14%,NNW,10.8,22.7,10,,,,,,,,,,
21:00,9.2,Despejado,0,24%,6%,NW,8.3,17.4,10,,,,,,,,,,
22:00,8.9,Despejado,0,25%,15%,NW,7.6,15.9,10,,,,,,,,,,
23:00,8.5,Cielo cubierto,0,25%,97%,NW,4,8.3,10,,,,,,,,,,
1,2, ,d,e, ,e,n,e,r,o,-,2,0,2,4,,,,
0:00,8.7,Nublado,0,18%,80%,W,3.6,7.6,10,,,,,,,,,,
1:00,9.1,Despejado,0,18%,20%,SW,2.5,5.3,10,,,,,,,,,,
2:00,8.7,Despejado,0,18%,21%,SSE,2.9,6,10,,,,,,,,,,
3:00,8,Despejado,0,19%,19%,SE,3.2,6.8,10,,,,,,,,,,
4:00,8.2,Despejado,0,18%,2%,SSE,5.4,11.3,10,,,,,,,,,,
5:00,7.5,Despejado,0,19%,0%,SE,3.2,6.8,10,,,,,,,,,,
6:00,7.1,Despejado,0,20%,0%,ENE,5,10.6,10,,,,,,,,,,
7:00,6.7,Soleado,0,20%,0%,E,5.4,11.3,10,,,,,,,,,,
8:00,6.8,Soleado,0,21%,3%,ENE,4,8.3,10,,,,,,,,,,
9:00,9.8,Soleado,0,18%,0%,E,3.2,5.9,10,,,,,,,,,,
10:00,12.4,Soleado,0,15%,1%,E,2.9,3.8,10,,,,,,,,,,
11:00,14,Soleado,0,13%,0%,ESE,2.9,3.5,10,,,,,,,,,,
12:00,15.3,Soleado,0,12%,2%,E,2.9,3.4,10,,,,,,,,,,
13:00,16.2,Soleado,0,11%,2%,ESE,2.5,2.9,10,,,,,,,,,,
14:00,16.8,Soleado,0,10%,4%,ESE,0.4,0.4,10,,,,,,,,,,
15:00,17.1,Soleado,0,10%,4%,E,2.5,3,10,,,,,,,,,,
16:00,17.2,Soleado,0,10%,4%,E,1.1,1.4,10,,,,,,,,,,
17:00,16.4,Despejado,0,11%,5%,SE,3.2,4.7,10,,,,,,,,,,
18:00,12.8,Despejado,0,14%,4%,ESE,1.8,3.8,10,,,,,,,,,,
19:00,11.3,Despejado,0,16%,4%,ENE,4.3,9.1,10,,,,,,,,,,
20:00,10.3,Despejado,0,18%,4%,ENE,3.2,6.8,10,,,,,,,,,,
21:00,9.9,Despejado,0,18%,4%,NNE,2.5,5.3,10,,,,,,,,,,
22:00,9.4,Despejado,0,19%,9%,NE,1.8,3.8,10,,,,,,,,,,
23:00,9.5,Despejado,0,18%,5%,SSW,4,8.3,10,,,,,,,,,,
1,3, ,d,e, ,e,n,e,r,o,-,2,0,2,4,,,,
0:00,9.4,Despejado,0,19%,14%,E,5,10.6,10,,,,,,,,,,
1:00,9,Despejado,0,19%,3%,SE,3.6,7.6,10,,,,,,,,,,
2:00,8.8,Despejado,0,19%,3%,ESE,4.7,9.8,10,,,,,,,,,,
3:00,8.7,Despejado,0,19%,17%,E,6.5,13.6,10,,,,,,,,,,
4:00,8.3,Despejado,0,20%,19%,E,4.3,9.1,10,,,,,,,,,,
5:00,8,Despejado,0,20%,12%,E,3.2,6.8,10,,,,,,,,,,
6:00,7.7,Despejado,0,21%,2%,ENE,2.5,5.3,10,,,,,,,,,,
7:00,7.4,Soleado,0,21%,0%,NNE,3.2,6.8,10,,,,,,,,,,
8:00,7.6,Soleado,0,22%,0%,NNE,0.7,1.5,10,,,,,,,,,,
9:00,10.5,Soleado,0,19%,0%,SE,1.8,3.1,10,,,,,,,,,,
10:00,12.9,Soleado,0,15%,0%,SSE,3.2,4.3,10,,,,,,,,,,
11:00,14.7,Soleado,0,14%,0%,E,2.5,3.1,10,,,,,,,,,,
12:00,16.1,Soleado,0,13%,0%,ESE,2.2,2.5,10,,,,,,,,,,
13:00,17.1,Soleado,0,13%,1%,ESE,2.2,2.5,10,,,,,,,,,,
14:00,17.9,Soleado,0,12%,3%,SE,3.6,4.2,10,,,,,,,,,,
15:00,18.4,Soleado,0,12%,4%,SE,5,6.1,10,,,,,,,,,,
16:00,18.7,Soleado,0,13%,4%,SE,6.5,8,10,,,,,,,,,,
17:00,17.9,Despejado,0,14%,4%,SE,7.2,10.1,10,,,,,,,,,,
18:00,15,Despejado,0,17%,6%,ESE,8.6,17.6,10,,,,,,,,,,
19:00,13.9,Despejado,0,19%,5%,ESE,7.2,15.1,10,,,,,,,,,,
20:00,13.1,Despejado,0,20%,7%,ESE,7.2,15.1,10,,,,,,,,,,
21:00,12.6,Despejado,0,21%,4%,SE,7.2,15.1,10,,,,,,,,,,
22:00,12.4,Despejado,0,22%,3%,SSE,10.4,21.9,10,,,,,,,,,,
23:00,11.7,Despejado,0,23%,0%,SSE,5.4,11.3,10,,,,,,,,,,
1,4, ,d,e, ,e,n,e,r,o,-,2,0,2,4,,,,
0:00,11.7,Despejado,0,23%,0%,SSE,5.4,11.3,10,,,,,,,,,,
1:00,11.4,Despejado,0,24%,0%,SSE,5.4,11.3,10,,,,,,,,,,
2:00,10.9,Despejado,0,25%,5%,ESE,4.7,9.8,10,,,,,,,,,,
3:00,10.4,Despejado,0,26%,0%,ESE,3.6,7.6,10,,,,,,,,,,
4:00,10,Despejado,0,27%,0%,ESE,4.3,9.1,10,,,,,,,,,,
5:00,9.7,Despejado,0,28%,3%,ESE,3.2,6.8,10,,,,,,,,,,
6:00,9.6,Despejado,0,29%,4%,ESE,4.3,9.1,10,,,,,,,,,,
7:00,9.6,Soleado,0,31%,3%,ENE,5.8,12.1,10,,,,,,,,,,
8:00,9.7,Soleado,0,34%,0%,E,4.7,9.8,10,,,,,,,,,,
9:00,12.1,Soleado,0,32%,0%,ENE,2.9,4.9,10,,,,,,,,,,
10:00,14.4,Soleado,0,30%,0%,NW,1.1,1.4,10,,,,,,,,,,
11:00,16.4,Soleado,0,31%,0%,WNW,5.4,6.5,10,,,,,,,,,,
12:00,18.1,Soleado,0,32%,0%,NW,9.4,10.8,10,,,,,,,,,,
13:00,19.2,Soleado,0,33%,2%,NW,9.7,11.2,10,,,,,,,,,,
14:00,20.2,Soleado,0,34%,2%,NW,11.2,12.9,10,,,,,,,,,,
15:00,21.1,Soleado,0,33%,3%,NNW,14,16.2,10,,,,,,,,,,
16:00,20.8,Soleado,0,31%,4%,N,18.4,21.8,10,,,,,,,,,,
17:00,19.6,Despejado,0,32%,3%,N,13.3,18,10,,,,,,,,,,
18:00,16.2,Despejado,0,38%,3%,N,7.2,15,10,,,,,,,,,,
19:00,14.7,Despejado,0,41%,3%,N,4.3,9.1,10,,,,,,,,,,
20:00,14.1,Despejado,0,43%,3%,WNW,5,10.6,10,,,,,,,,,,
21:00,13.6,Despejado,0,45%,2%,WNW,6.5,13.6,10,,,,,,,,,,
22:00,13,Despejado,0,48%,5%,NW,5.4,11.3,10,,,,,,,,,,
23:00,12.6,Despejado,0,51%,7%,NNW,4,8.3,10,,,,,,,,,,
1,5, ,d,e, ,e,n,e,r,o,-,2,0,2,4,,,,
0:00,12.5,Despejado,0,36%,3%,N,4.7,9.8,10,,,,,,,,,,
1:00,12.2,Cielo cubierto,0,38%,100%,NNW,5,10.6,10,,,,,,,,,,
2:00,12.2,Cielo cubierto,0,39%,99%,NW,4.3,9.1,10,,,,,,,,,,
3:00,12.3,Parcialmente nublado,0,40%,33%,NNW,5,10.6,10,,,,,,,,,,
4:00,11.7,Parcialmente nublado,0,42%,43%,NNW,4.7,9.8,10,,,,,,,,,,
5:00,11.5,Parcialmente nublado,0,45%,32%,NNW,3.6,7.6,10,,,,,,,,,,
6:00,11.3,Parcialmente nublado,0,47%,47%,NNW,2.9,6,10,,,,,,,,,,
7:00,11.2,Parcialmente nublado,0,47%,33%,NNE,2.5,5.3,10,,,,,,,,,,
8:00,11.5,Soleado,0,48%,10%,E,1.1,2.3,10,,,,,,,,,,
9:00,14,Soleado,0,42%,14%,ESE,1.1,1.9,10,,,,,,,,,,
10:00,16.5,Soleado,0,35%,8%,S,0.7,1,10,,,,,,,,,,
11:00,18.3,Soleado,0,31%,13%,NNE,0.4,0.4,10,,,,,,,,,,
12:00,19.8,Parcialmente nublado,0,28%,33%,ESE,3.2,3.8,10,,,,,,,,,,
13:00,20.7,Cielo cubierto,0,26%,100%,ESE,2.5,2.9,10,,,,,,,,,,
14:00,21.3,Nublado,0,25%,84%,ESE,4.3,5.1,10,,,,,,,,,,
15:00,21.5,Soleado,0,24%,4%,ESE,4.3,5.3,10,,,,,,,,,,
16:00,21.7,Soleado,0,24%,9%,ESE,5.4,6.8,10,,,,,,,,,,
17:00,20.8,Despejado,0,26%,12%,ESE,5.4,7.8,10,,,,,,,,,,
18:00,17.5,Despejado,0,33%,21%,ESE,6.1,12.9,10,,,,,,,,,,
19:00,15.9,Parcialmente nublado,0,37%,30%,E,5.4,11.3,10,,,,,,,,,,
20:00,15.2,Parcialmente nublado,0,39%,45%,NNE,1.8,3.8,10,,,,,,,,,,
21:00,14.6,Despejado,0,40%,19%,NNW,2.5,5.3,10,,,,,,,,,,
22:00,14.2,Despejado,0,41%,9%,WNW,3.2,6.8,10,,,,,,,,,,
23:00,13.8,Despejado,0,42%,5%,NW,4.7,9.8,10,,,,,,,,,,
1,6, ,d,e, ,e,n,e,r,o,-,2,0,2,4,,,,
0:00,13.1,Despejado,0,41%,12%,N,3.6,7.6,10,,,,,,,,,,
1:00,12.8,Despejado,0,41%,8%,N,4.3,9.1,10,,,,,,,,,,
2:00,12.5,Despejado,0,42%,7%,NNW,2.9,6,10,,,,,,,,,,
3:00,12.3,Despejado,0,42%,9%,NW,3.6,7.6,10,,,,,,,,,,
4:00,12,Despejado,0,43%,9%,NW,3.2,6.8,10,,,,,,,,,,
5:00,11.8,Despejado,0,43%,7%,NW,3.2,6.8,10,,,,,,,,,,
6:00,11.5,Despejado,0,45%,3%,NNW,2.5,5.3,10,,,,,,,,,,
7:00,11.3,Soleado,0,46%,3%,NNW,1.4,3,10,,,,,,,,,,
8:00,11.7,Soleado,0,45%,2%,WNW,0.7,1.5,10,,,,,,,,,,
9:00,14.7,Soleado,0,38%,8%,N,0.7,1.3,10,,,,,,,,,,
10:00,17.3,Soleado,0,32%,5%,NNE,2.2,2.9,10,,,,,,,,,,
11:00,19.1,Soleado,0,29%,0%,NNE,4,4.8,10,,,,,,,,,,
12:00,20.5,Soleado,0,27%,0%,NE,3.6,4.2,10,,,,,,,,,,
13:00,21.6,Soleado,0,25%,0%,NNE,1.8,2.1,10,,,,,,,,,,
14:00,22.3,Soleado,0,24%,9%,NE,2.2,2.5,10,,,,,,,,,,
15:00,22.7,Soleado,0,23%,3%,E,2.5,3,10,,,,,,,,,,
16:00,22.6,Soleado,0,23%,6%,ESE,4,5,10,,,,,,,,,,
17:00,21.8,Despejado,0,25%,2%,ESE,3.2,4.6,10,,,,,,,,,,
18:00,18,Despejado,0,31%,3%,E,2.2,4.5,10,,,,,,,,,,
19:00,16.5,Despejado,0,34%,3%,ENE,2.2,4.5,10,,,,,,,,,,
20:00,15.7,Despejado,0,36%,3%,NE,2.9,6,10,,,,,,,,,,
21:00,15.1,Despejado,0,38%,2%,NNW,1.8,3.8,10,,,,,,,,,,
22:00,14.7,Parcialmente nublado,0,39%,32%,N,2.2,4.5,10,,,,,,,,,,
23:00,14.4,Despejado,0,40%,0%,NNE,2.9,6,10,,,,,,,,,,
1,7, ,d,e, ,e,n,e,r,o,-,2,0,2,4,,,,
0:00,14.9,Despejado,0,33%,2%,SE,3.6,7.6,10,,,,,,,,,,
1:00,14.5,Despejado,0,34%,5%,ESE,4.3,9.1,10,,,,,,,,,,
2:00,13.8,Despejado,0,35%,18%,SSW,1.1,2.3,10,,,,,,,,,,
3:00,13.6,Despejado,0,36%,14%,ESE,1.8,3.8,10,,,,,,,,,,
4:00,13.6,Despejado,0,36%,15%,E,2.2,4.5,10,,,,,,,,,,
5:00,13.2,Despejado,0,36%,20%,E,2.9,6,10,,,,,,,,,,
6:00,13.2,Parcialmente nublado,0,36%,48%,ESE,3.2,6.8,10,,,,,,,,,,
7:00,13.9,Parcialmente nublado,0,35%,43%,SE,3.2,6.8,10,,,,,,,,,,
8:00,14.3,Soleado,0,35%,16%,SE,4.7,9.8,10,,,,,,,,,,
9:00,16.1,Soleado,0,31%,22%,SE,5.8,10.3,10,,,,,,,,,,
10:00,18.2,Parcialmente nublado,0,27%,47%,SE,5.8,8,10,,,,,,,,,,
11:00,20.5,Soleado,0,24%,18%,SSE,7.2,8.7,10,,,,,,,,,,
12:00,22,Soleado,0,23%,9%,N,2.2,2.6,10,,,,,,,,,,
13:00,23,Soleado,0,23%,8%,NNW,2.2,2.5,10,,,,,,,,,,
14:00,23.8,Soleado,0,23%,6%,NW,1.1,1.3,10,,,,,,,,,,
15:00,24.4,Soleado,0,24%,6%,SSW,4.3,5,10,,,,,,,,,,
16:00,24.7,Soleado,0,27%,6%,SW,6.8,8.3,10,,,,,,,,,,
17:00,24.4,Despejado,0,29%,6%,SW,7.9,10.8,10,,,,,,,,,,
18:00,20.6,Despejado,0,35%,7%,W,5,10.6,10,,,,,,,,,,
19:00,18.7,Despejado,0,40%,5%,WNW,7.2,15.1,10,,,,,,,,,,
20:00,17.5,Despejado,0,43%,4%,NW,7.6,15.9,10,,,,,,,,,,
21:00,16.8,Despejado,0,44%,3%,NNW,5.4,11.3,10,,,,,,,,,,
22:00,16.2,Despejado,0,44%,3%,N,4,8.3,10,,,,,,,,,,
23:00,15.6,Despejado,0,46%,2%,NNW,1.8,3.8,10,,,,,,,,,,
1,8, ,d,e, ,e,n,e,r,o,-,2,0,2,4,,,,
0:00,15.4,Despejado,0,47%,5%,NNE,1.1,2.3,10,,,,,,,,,,
1:00,14.9,Despejado,0,50%,5%,N,2.5,5.3,10,,,,,,,,,,
2:00,14.5,Despejado,0,52%,4%,N,0.4,0.8,10,,,,,,,,,,
3:00,14.2,Despejado,0,53%,4%,N,3.2,6.8,10,,,,,,,,,,
4:00,13.8,Despejado,0,55%,5%,N,3.2,6.8,10,,,,,,,,,,
5:00,13.5,Despejado,0,57%,4%,NNW,3.6,7.6,10,,,,,,,,,,
6:00,13.3,Despejado,0,61%,3%,NNW,4,8.3,10,,,,,,,,,,
7:00,13.1,Soleado,0,64%,4%,NNW,5.4,11.3,10,,,,,,,,,,
8:00,13.2,Soleado,0,68%,4%,NNW,5.4,11.3,10,,,,,,,,,,
9:00,15.6,Soleado,0,61%,5%,NW,3.2,5.3,10,,,,,,,,,,
10:00,17.9,Soleado,0,55%,4%,NW,4.7,6,10,,,,,,,,,,
11:00,19.9,Soleado,0,49%,3%,NNW,6.5,7.7,10,,,,,,,,,,
12:00,21.3,Soleado,0,44%,3%,N,6.8,7.9,10,,,,,,,,,,
13:00,22.3,Soleado,0,40%,2%,NNE,6.1,7.1,10,,,,,,,,,,
14:00,23.1,Soleado,0,37%,2%,NE,4.7,5.4,10,,,,,,,,,,
15:00,23.6,Soleado,0,35%,2%,ENE,4.7,5.4,10,,,,,,,,,,
16:00,23.6,Soleado,0,34%,3%,ENE,4.7,5.7,10,,,,,,,,,,
17:00,23.2,Soleado,0,34%,4%,ENE,4.7,6.2,10,,,,,,,,,,
18:00,19.8,Despejado,0,40%,4%,ENE,4.7,9.7,10,,,,,,,,,,
19:00,18,Despejado,0,43%,5%,N,4,8.3,10,,,,,,,,,,
20:00,17.2,Despejado,0,46%,6%,NW,6.8,14.4,10,,,,,,,,,,
21:00,16.6,Despejado,0,51%,8%,NW,8.3,17.4,10,,,,,,,,,,
22:00,16.1,Despejado,0,53%,7%,NNW,7.2,15.1,10,,,,,,,,,,
23:00,15.5,Despejado,0,55%,6%,N,4.3,9.1,10,,,,,,,,,,
1,9, ,d,e, ,e,n,e,r,o,-,2,0,2,4,,,,
0:00,15.2,Despejado,0,53%,2%,NW,6.1,12.9,10,,,,,,,,,,
1:00,14.8,Despejado,0,54%,2%,NNW,5.4,11.3,10,,,,,,,,,,
2:00,14.4,Despejado,0,55%,2%,NNW,4.7,9.8,10,,,,,,,,,,
3:00,14.4,Despejado,0,55%,2%,NNW,5.8,12.1,10,,,,,,,,,,
4:00,14.2,Despejado,0,55%,2%,NW,6.1,12.9,10,,,,,,,,,,
5:00,13.8,Despejado,0,56%,3%,NNW,5.4,11.3,10,,,,,,,,,,
6:00,13.5,Despejado,0,56%,3%,NNW,4,8.3,10,,,,,,,,,,
7:00,13.5,Soleado,0,56%,7%,NNW,3.6,7.6,10,,,,,,,,,,
8:00,13.9,Soleado,0,55%,8%,NW,4.7,9.8,10,,,,,,,,,,
9:00,16.3,Soleado,0,47%,7%,NNW,4,7,10,,,,,,,,,,
10:00,18.2,Soleado,0,41%,7%,NW,5,6.9,10,,,,,,,,,,
11:00,19.8,Soleado,0,36%,6%,NW,5,6.4,10,,,,,,,,,,
12:00,21.1,Soleado,0,32%,5%,NNW,4.3,5.2,10,,,,,,,,,,
13:00,22.1,Cielo cubierto,0,30%,100%,NNW,3.2,3.8,10,,,,,,,,,,
14:00,22.7,Cielo cubierto,0,28%,100%,N,2.5,3,10,,,,,,,,,,
15:00,23,Cielo cubierto,0,27%,100%,NNW,2.9,3.5,10,,,,,,,,,,
16:00,23.1,Soleado,0,27%,6%,N,2.9,3.7,10,,,,,,,,,,
17:00,22.5,Soleado,0,29%,7%,NNE,2.5,3.6,10,,,,,,,,,,
18:00,19.2,Despejado,0,35%,7%,NNE,3.2,6.8,10,,,,,,,,,,
19:00,18,Despejado,0,37%,8%,NNE,3.2,6.8,10,,,,,,,,,,
20:00,17.4,Despejado,0,39%,7%,NNE,2.9,6,10,,,,,,,,,,
21:00,17.1,Despejado,0,39%,8%,NNW,3.6,7.6,10,,,,,,,,,,
22:00,16.6,Despejado,0,40%,7%,NNE,2.2,4.5,10,,,,,,,,,,
23:00,16.7,Despejado,0,40%,18%,NW,4,8.3,10,,,,,,,,,,
2,0, ,d,e, ,e,n,e,r,o,-,2,0,2,4,,,,
0:00,16.4,Parcialmente nublado,0,40%,49%,SW,4,8.3,10,,,,,,,,,,
1:00,16.6,Parcialmente nublado,0,40%,50%,SSW,0.4,0.8,10,,,,,,,,,,
2:00,16.2,Nublado,0,41%,64%,NNW,2.5,5.3,10,,,,,,,,,,
3:00,16.2,Nublado,0,41%,76%,E,0.7,1.5,10,,,,,,,,,,
4:00,16.1,Nublado,0,42%,70%,NNW,5,10.6,10,,,,,,,,,,
5:00,15.9,Lluvia moderada a intervalos,"0,1",46%,85%,WNW,3.6,7.6,10,,,,,,,,,,
6:00,15.7,Parcialmente nublado,0,53%,48%,ENE,7.6,15.2,10,,,,,,,,,,
7:00,15.2,Parcialmente nublado,0,57%,50%,WNW,5.4,11.3,10,,,,,,,,,,
8:00,15.2,Parcialmente nublado,0,59%,45%,WNW,4,8.3,10,,,,,,,,,,
9:00,16.9,Soleado,0,52%,14%,ESE,0,0,10,,,,,,,,,,
10:00,19,Soleado,0,44%,11%,WNW,2.9,3.7,10,,,,,,,,,,
11:00,20.5,Soleado,0,38%,15%,SSW,4.3,5.3,10,,,,,,,,,,
12:00,22.2,Soleado,0,32%,6%,S,7.9,9.1,10,,,,,,,,,,
13:00,23.1,Soleado,0,28%,6%,SSW,8.3,9.5,10,,,,,,,,,,
14:00,23.4,Soleado,0,26%,7%,S,5.8,6.7,10,,,,,,,,,,
15:00,23.3,Soleado,0,25%,24%,SW,4.3,5.4,10,,,,,,,,,,
16:00,22.9,Soleado,0,26%,22%,WNW,5.8,7.5,10,,,,,,,,,,
17:00,21.4,Parcialmente nublado,0,31%,51%,W,6.8,10.9,10,,,,,,,,,,
18:00,19.8,Nublado,0,36%,64%,W,10.8,19.9,10,,,,,,,,,,
19:00,19.5,Cielo cubierto,0,39%,91%,W,11.9,22.1,10,,,,,,,,,,
20:00,19.2,Parcialmente nublado,0,41%,59%,WSW,6.8,12.9,10,,,,,,,,,,
21:00,18.7,Nublado,0,44%,84%,W,9.4,16.4,10,,,,,,,,,,
22:00,18.2,Nublado,0,48%,77%,NW,11.5,19.6,10,,,,,,,,,,
23:00,17.9,Cielo cubierto,0,51%,90%,NW,7.9,13.2,10,,,,,,,,,,
2,1, ,d,e, ,e,n,e,r,o,-,2,0,2,4,,,,
0:00,17.2,Llovizna,"0,3",62%,100%,NW,11.5,18.4,2,,,,,,,,,,
1:00,16.3,Llovizna,"0,2",70%,100%,N,9.4,14.7,2,,,,,,,,,,
2:00,15.6,Lluvia moderada a intervalos,"0,1",75%,100%,NNE,5.8,9.3,10,,,,,,,,,,
3:00,15.6,Lluvia moderada a intervalos,"0,1",75%,100%,SE,6.8,10.8,10,,,,,,,,,,
4:00,15.6,Nublado,0,76%,86%,SSE,10.4,16.3,10,,,,,,,,,,
5:00,15.2,Parcialmente nublado,0,78%,46%,S,9.7,15.8,10,,,,,,,,,,
6:00,14.4,Parcialmente nublado,0,80%,29%,S,7.9,14.4,10,,,,,,,,,,
7:00,14,Parcialmente nublado,0,80%,28%,SSW,8.6,16.2,10,,,,,,,,,,
8:00,14.3,Parcialmente nublado,0,78%,31%,SSW,7.9,14.5,10,,,,,,,,,,
9:00,16,Parcialmente nublado,0,69%,58%,SW,8.3,12.2,10,,,,,,,,,,
10:00,17.4,Parcialmente nublado,0,60%,57%,SW,11.2,14.4,10,,,,,,,,,,
11:00,18.4,Parcialmente nublado,0,53%,45%,SW,11.2,13.9,10,,,,,,,,,,
12:00,19.9,Parcialmente nublado,0,44%,35%,WSW,12.6,14.5,10,,,,,,,,,,
13:00,21.1,Nublado,0,39%,68%,W,15.8,18.2,10,,,,,,,,,,
14:00,21.1,Parcialmente nublado,0,39%,51%,W,15.8,18.2,10,,,,,,,,,,
15:00,21.7,Parcialmente nublado,0,37%,61%,WSW,14.4,16.6,10,,,,,,,,,,
16:00,21.5,Parcialmente nublado,0,38%,44%,WSW,10.8,13.4,10,,,,,,,,,,
17:00,20.8,Nublado,0,42%,76%,W,10.4,14.1,10,,,,,,,,,,
18:00,19.7,Parcialmente nublado,0,46%,46%,W,12.2,18.9,10,,,,,,,,,,
19:00,18.4,Parcialmente nublado,0,50%,47%,W,10.4,18.5,10,,,,,,,,,,
20:00,17.2,Despejado,0,55%,21%,W,9,17.1,10,,,,,,,,,,
21:00,16.5,Nublado,0,58%,76%,W,8.6,17.6,10,,,,,,,,,,
22:00,16.1,Parcialmente nublado,0,60%,47%,NNW,4.3,8.7,10,,,,,,,,,,
23:00,14.9,Parcialmente nublado,0,65%,33%,NNW,6.5,13.2,10,,,,,,,,,,
2,2, ,d,e, ,e,n,e,r,o,-,2,0,2,4,,,,
0:00,13.8,Despejado,0,65%,17%,N,3.6,7.5,10,,,,,,,,,,
1:00,13.9,Parcialmente nublado,0,65%,25%,NNE,1.4,3,10,,,,,,,,,,
2:00,14,Parcialmente nublado,0,65%,51%,SE,3.2,6.4,10,,,,,,,,,,
3:00,13.9,Parcialmente nublado,0,65%,52%,SE,5.4,10.5,10,,,,,,,,,,
4:00,13.8,Nublado,0,65%,66%,SSE,7.2,13.7,10,,,,,,,,,,
5:00,14,Parcialmente nublado,0,64%,37%,SE,9,16.5,10,,,,,,,,,,
6:00,13.9,Nublado,0,64%,66%,SSE,10.1,18.6,10,,,,,,,,,,
7:00,14.3,Cielo cubierto,0,62%,100%,SE,9,15.9,10,,,,,,,,,,
8:00,14.7,Nublado,0,61%,75%,SE,10.1,17,10,,,,,,,,,,
9:00,15.1,Nublado,0,60%,80%,ESE,7.9,12.5,10,,,,,,,,,,
10:00,15.6,Lluvia moderada a intervalos,"0,0",59%,100%,E,6.8,9.9,10,,,,,,,,,,
11:00,16.1,Lluvia moderada a intervalos,"0,1",58%,63%,ESE,9.4,12.7,10,,,,,,,,,,
12:00,16,Llovizna,"0,2",62%,81%,SSE,7.6,10.2,2,,,,,,,,,,
13:00,14.5,Lluvia moderada,"2,6",76%,91%,SW,11.2,14.9,7,,,,,,,,,,
14:00,13.8,Llovizna a intervalos,"0,7",87%,66%,S,11.5,15.6,5,,,,,,,,,,
15:00,14.7,Ligeras lluvias,"2,3",82%,100%,SSW,15.8,20.4,9,,,,,,,,,,
16:00,13.9,Ligeras lluvias,"2,1",87%,100%,S,14.4,19.2,9,,,,,,,,,,
17:00,13.8,Lluvia moderada a intervalos,"0,1",87%,100%,SSE,10.8,14.8,10,,,,,,,,,,
18:00,13.5,Lluvia moderada a intervalos,"0,0",88%,67%,SE,1.4,2.2,10,,,,,,,,,,
19:00,13.2,Lluvia moderada a intervalos,"0,1",89%,75%,N,3.6,5.5,10,,,,,,,,,,
20:00,13.1,Llovizna,"0,3",91%,87%,NNE,5,7.5,2,,,,,,,,,,
21:00,13.1,Lluvia moderada a intervalos,"0,1",92%,63%,N,4.3,6.4,10,,,,,,,,,,
22:00,13,Parcialmente nublado,0,91%,52%,NNW,7.2,10.7,10,,,,,,,,,,
23:00,12,Neblina,0,94%,59%,NNW,10.4,17.2,2,,,,,,,,,,
2,3, ,d,e, ,e,n,e,r,o,-,2,0,2,4,,,,
0:00,12.8,Neblina,0,95%,64%,NNW,7.2,11.9,2,,,,,,,,,,
1:00,12.4,Neblina,0,95%,57%,NNW,7.2,12.4,2,,,,,,,,,,
2:00,12.1,Neblina,0,95%,49%,NNW,7.2,12.9,2,,,,,,,,,,
3:00,11.8,Neblina,0,95%,39%,NNW,6.5,12.1,2,,,,,,,,,,
4:00,11.6,Neblina,0,94%,37%,NW,7.6,14.2,2,,,,,,,,,,
5:00,11.4,Parcialmente nublado,0,93%,29%,NW,5.8,11.4,10,,,,,,,,,,
6:00,11.2,Parcialmente nublado,0,92%,36%,NNE,4.7,9.6,10,,,,,,,,,,
7:00,11,Parcialmente nublado,0,91%,31%,NNW,1.8,3.8,10,,,,,,,,,,
8:00,11.4,Soleado,0,89%,17%,WNW,1.4,3,10,,,,,,,,,,
9:00,13.7,Soleado,0,79%,16%,WSW,3.2,5.3,10,,,,,,,,,,
10:00,16.1,Soleado,0,67%,14%,WSW,4.7,6.1,10,,,,,,,,,,
11:00,17.9,Soleado,0,57%,19%,W,8.3,10,10,,,,,,,,,,
12:00,19.1,Parcialmente nublado,0,52%,40%,W,13.3,15.3,10,,,,,,,,,,
13:00,19.8,Parcialmente nublado,0,48%,55%,W,16.9,19.5,10,,,,,,,,,,
14:00,20.4,Parcialmente nublado,0,44%,29%,W,21.6,24.8,10,,,,,,,,,,
15:00,20.8,Parcialmente nublado,0,41%,41%,W,23,26.5,10,,,,,,,,,,
16:00,20.6,Parcialmente nublado,0,42%,30%,W,24.5,29.3,10,,,,,,,,,,
17:00,19.6,Soleado,0,45%,18%,W,21.2,28.4,10,,,,,,,,,,
18:00,17.5,Despejado,0,52%,10%,W,15.8,26.9,10,,,,,,,,,,
19:00,16.6,Despejado,0,55%,8%,W,15.1,27.4,10,,,,,,,,,,
20:00,16.2,Despejado,0,55%,8%,W,14,26.5,10,,,,,,,,,,
21:00,15.6,Despejado,0,57%,10%,W,13,25.8,10,,,,,,,,,,
22:00,15,Despejado,0,59%,8%,W,10.4,21.8,10,,,,,,,,,,
23:00,14.4,Despejado,0,61%,7%,W,9.4,19.7,10,,,,,,,,,,
2,4, ,d,e, ,e,n,e,r,o,-,2,0,2,4,,,,
0:00,14.3,Despejado,0,63%,14%,W,9,18.9,10,,,,,,,,,,
1:00,13.8,Despejado,0,66%,12%,WNW,8.3,17.4,10,,,,,,,,,,
2:00,13.5,Despejado,0,67%,8%,W,6.8,14.4,10,,,,,,,,,,
3:00,13.2,Despejado,0,68%,8%,WNW,6.5,13.6,10,,,,,,,,,,
4:00,12.9,Despejado,0,69%,8%,WNW,6.5,13.6,10,,,,,,,,,,
5:00,12.7,Despejado,0,70%,8%,WNW,7.6,15.9,10,,,,,,,,,,
6:00,12.3,Despejado,0,71%,7%,NNW,5,10.6,10,,,,,,,,,,
7:00,12,Soleado,0,73%,6%,N,4.3,9.1,10,,,,,,,,,,
8:00,12.1,Soleado,0,73%,6%,N,3.6,7.6,10,,,,,,,,,,
9:00,14.1,Soleado,0,65%,6%,WNW,2.2,3.5,10,,,,,,,,,,
10:00,15.9,Soleado,0,58%,7%,W,3.6,4.8,10,,,,,,,,,,
11:00,17.6,Soleado,0,51%,6%,WNW,3.2,4,10,,,,,,,,,,
12:00,19,Soleado,0,46%,4%,WNW,2.2,2.6,10,,,,,,,,,,
13:00,19.9,Soleado,0,42%,3%,ESE,1.4,1.7,10,,,,,,,,,,
14:00,20.4,Soleado,0,39%,9%,E,2.2,2.6,10,,,,,,,,,,
15:00,20.7,Soleado,0,38%,11%,ESE,4,4.9,10,,,,,,,,,,
16:00,20.8,Soleado,0,37%,7%,SE,5,6.4,10,,,,,,,,,,
17:00,20.4,Soleado,0,40%,7%,SE,5,7.1,10,,,,,,,,,,
18:00,18.3,Despejado,0,45%,4%,SE,6.1,11.7,10,,,,,,,,,,
19:00,17.2,Despejado,0,48%,6%,SE,8.3,17,10,,,,,,,,,,
20:00,16.9,Parcialmente nublado,0,49%,61%,SE,9.7,19.7,10,,,,,,,,,,
21:00,16.3,Despejado,0,50%,12%,SSE,9.7,20.2,10,,,,,,,,,,
22:00,15.9,Despejado,0,52%,11%,SSE,10.4,21.5,10,,,,,,,,,,
23:00,15.1,Despejado,0,54%,4%,SSE,8.3,17.4,10,,,,,,,,,,
2,5, ,d,e, ,e,n,e,r,o,-,2,0,2,4,,,,
0:00,15,Despejado,0,59%,7%,S,6.5,13.6,10,,,,,,,,,,
1:00,14.6,Despejado,0,59%,8%,S,4,8.3,10,,,,,,,,,,
2:00,14.3,Despejado,0,61%,9%,W,2.9,6,10,,,,,,,,,,
3:00,13.9,Despejado,0,62%,9%,NW,2.5,5.3,10,,,,,,,,,,
4:00,13.5,Despejado,0,64%,5%,NW,1.1,2.3,10,,,,,,,,,,
5:00,13.1,Despejado,0,66%,5%,SSW,0.4,0.8,10,,,,,,,,,,
6:00,12.8,Despejado,0,68%,8%,NNE,0.7,1.5,10,,,,,,,,,,
7:00,12.7,Soleado,0,68%,6%,E,2.9,6,10,,,,,,,,,,
8:00,12.8,Parcialmente nublado,0,69%,45%,E,1.8,3.7,10,,,,,,,,,,
9:00,14.6,Soleado,0,63%,3%,N,1.4,2.3,10,,,,,,,,,,
10:00,16.4,Soleado,0,55%,6%,NNW,3.2,4.2,10,,,,,,,,,,
11:00,18.1,Soleado,0,49%,5%,NNW,7.6,8.9,10,,,,,,,,,,
12:00,19.3,Soleado,0,45%,0%,NNW,10.1,11.6,10,,,,,,,,,,
13:00,20.1,Soleado,0,42%,2%,NW,11.5,13.2,10,,,,,,,,,,
14:00,20.6,Soleado,0,40%,0%,NW,8.6,9.9,10,,,,,,,,,,
15:00,21.3,Soleado,0,39%,0%,WNW,7.2,8.3,10,,,,,,,,,,
16:00,21.9,Soleado,0,37%,0%,NW,11.9,14.2,10,,,,,,,,,,
17:00,21.1,Soleado,0,39%,2%,NNW,15.5,20.5,10,,,,,,,,,,
18:00,18.1,Despejado,0,48%,2%,NNW,13.7,24.6,10,,,,,,,,,,
19:00,16.3,Despejado,0,53%,5%,N,8.6,17.9,10,,,,,,,,,,
20:00,15.6,Despejado,0,55%,7%,NNW,5.4,11.3,10,,,,,,,,,,
21:00,15.2,Despejado,0,56%,5%,WNW,7.9,16.6,10,,,,,,,,,,
22:00,14.8,Despejado,0,57%,2%,WNW,7.6,15.9,10,,,,,,,,,,
23:00,14.6,Despejado,0,59%,5%,NW,6.8,14.4,10,,,,,,,,,,
2,6, ,d,e, ,e,n,e,r,o,-,2,0,2,4,,,,
0:00,14.3,Despejado,0,65%,2%,NW,7.6,15.9,10,,,,,,,,,,
1:00,14,Despejado,0,66%,0%,NW,7.6,15.9,10,,,,,,,,,,
2:00,13.6,Despejado,0,67%,0%,NW,6.5,13.6,10,,,,,,,,,,
3:00,13.5,Despejado,0,66%,0%,NW,7.9,16.6,10,,,,,,,,,,
4:00,13.2,Despejado,0,66%,0%,NW,8.3,17.4,10,,,,,,,,,,
5:00,12.9,Despejado,0,65%,0%,NNW,8.3,17.4,10,,,,,,,,,,
6:00,12.6,Despejado,0,65%,0%,NW,6.5,13.6,10,,,,,,,,,,
7:00,12.3,Soleado,0,65%,2%,NW,5.8,12.1,10,,,,,,,,,,
8:00,12.6,Soleado,0,63%,0%,NW,5,10.6,10,,,,,,,,,,
9:00,14.9,Soleado,0,55%,1%,NW,6.1,11.1,10,,,,,,,,,,
10:00,17.5,Soleado,0,44%,0%,NNW,8.3,10.8,10,,,,,,,,,,
11:00,19.6,Soleado,0,36%,0%,NNW,10.4,12.1,10,,,,,,,,,,
12:00,21.1,Soleado,0,29%,0%,N,12.2,14.1,10,,,,,,,,,,
13:00,22.1,Soleado,0,23%,0%,N,12.6,14.5,10,,,,,,,,,,
14:00,22.7,Soleado,0,20%,0%,N,12.6,14.5,10,,,,,,,,,,
15:00,22.9,Soleado,0,19%,1%,N,14,16.2,10,,,,,,,,,,
16:00,22.7,Soleado,0,19%,0%,N,13.3,16.1,10,,,,,,,,,,
17:00,21.9,Soleado,0,21%,0%,NNW,11.5,16.1,10,,,,,,,,,,
18:00,18.7,Despejado,0,26%,0%,NNW,10.4,21.5,10,,,,,,,,,,
19:00,16.8,Despejado,0,29%,0%,NNW,9,18.9,10,,,,,,,,,,
20:00,15.9,Despejado,0,30%,2%,N,6.1,12.9,10,,,,,,,,,,
21:00,15.3,Despejado,0,31%,10%,NNW,2.2,4.5,10,,,,,,,,,,
22:00,15,Parcialmente nublado,0,31%,30%,WSW,0.7,1.5,10,,,,,,,,,,
23:00,14.7,Despejado,0,31%,3%,SSW,0.4,0.8,10,,,,,,,,,,
2,7, ,d,e, ,e,n,e,r,o,-,2,0,2,4,,,,
0:00,14.7,Despejado,0,35%,2%,NNW,3.6,7.6,10,,,,,,,,,,
1:00,14.1,Despejado,0,35%,3%,N,4.3,9.1,10,,,,,,,,,,
2:00,13.8,Despejado,0,36%,3%,N,3.6,7.6,10,,,,,,,,,,
3:00,13.6,Despejado,0,36%,3%,NNW,3.2,6.8,10,,,,,,,,,,
4:00,13.4,Despejado,0,36%,3%,NW,4.7,9.8,10,,,,,,,,,,
5:00,13.1,Despejado,0,37%,3%,NNW,5.4,11.3,10,,,,,,,,,,
6:00,12.8,Despejado,0,37%,3%,NNW,5.4,11.3,10,,,,,,,,,,
7:00,12.6,Soleado,0,38%,2%,NNW,6.1,12.9,10,,,,,,,,,,
8:00,12.8,Soleado,0,38%,2%,N,5.4,11.3,10,,,,,,,,,,
9:00,15.2,Soleado,0,37%,1%,N,4.3,8.1,10,,,,,,,,,,
10:00,17.5,Soleado,0,30%,0%,N,4.3,6,10,,,,,,,,,,
11:00,19.3,Soleado,0,26%,0%,NNW,5.4,6.7,10,,,,,,,,,,
12:00,20.6,Soleado,0,23%,0%,NNW,7.2,8.5,10,,,,,,,,,,
13:00,21.8,Soleado,0,21%,0%,N,9.7,11.2,10,,,,,,,,,,
14:00,22.6,Soleado,0,19%,0%,N,11.2,12.9,10,,,,,,,,,,
15:00,23,Soleado,0,18%,0%,N,11.2,12.9,10,,,,,,,,,,
16:00,23.1,Soleado,0,17%,0%,N,10.8,13.3,10,,,,,,,,,,
17:00,22.2,Soleado,0,21%,0%,NNW,9.7,14.1,10,,,,,,,,,,
18:00,19.1,Despejado,0,25%,0%,NW,9.4,19.7,10,,,,,,,,,,
19:00,17.3,Despejado,0,27%,0%,NW,9,18.9,10,,,,,,,,,,
20:00,16.6,Despejado,0,29%,0%,WNW,7.6,15.9,10,,,,,,,,,,
21:00,16.2,Despejado,0,29%,1%,WNW,7.2,15.1,10,,,,,,,,,,
22:00,15.8,Despejado,0,29%,1%,WNW,5.4,11.3,10,,,,,,,,,,
23:00,15.5,Despejado,0,29%,0%,NW,4.7,9.8,10,,,,,,,,,,
N,O, ,D,A,T,A,,,,,,,,,,,,,
N,N,N,N,N,N,N,N,N,N,,,,,,,,,,
O,O,O,O,O,O,O,O,O,O,,,,,,,,,,
 , , , , , , , , , ,,,,,,,,,,
D,D,D,D,D,D,D,D,D,D,,,,,,,,,,
A,A,A,A,A,A,A,A,A,A,,,,,,,,,,
T,T,T,T,T,T,T,T,T,T,,,,,,,,,,
A,A,A,A,A,A,A,A,A,A,,,,,,,,,,
2,9, ,d,e, ,e,n,e,r,o,-,2,0,2,4,,,,
0:00,16.3,Parcialmente nublado,0,30%,56%,NNW,5.4,11.3,10,,,,,,,,,,
1:00,16.2,Cielo cubierto,0,30%,100%,NNW,6.5,13.6,10,,,,,,,,,,
2:00,15.9,Cielo cubierto,0,30%,100%,NNW,5.8,12.1,10,,,,,,,,,,
3:00,15.6,Cielo cubierto,0,30%,100%,NNW,5.8,12.1,10,,,,,,,,,,
4:00,15.3,Cielo cubierto,0,31%,89%,NNW,6.1,12.9,10,,,,,,,,,,
5:00,15,Parcialmente nublado,0,32%,35%,NW,6.5,13.6,10,,,,,,,,,,
6:00,14.8,Parcialmente nublado,0,33%,53%,NW,6.5,13.6,10,,,,,,,,,,
7:00,14.8,Parcialmente nublado,0,33%,43%,NW,6.5,13.6,10,,,,,,,,,,
8:00,16,Parcialmente nublado,0,34%,35%,NW,5.8,12.1,10,,,,,,,,,,
9:00,17.9,Parcialmente nublado,0,33%,33%,NNW,5.4,11,10,,,,,,,,,,
10:00,20,Soleado,0,27%,18%,NNW,5.8,8.3,10,,,,,,,,,,
11:00,21.8,Soleado,0,23%,11%,NW,7.6,9.1,10,,,,,,,,,,
12:00,23.2,Soleado,0,21%,19%,NNW,8.3,9.6,10,,,,,,,,,,
13:00,24.3,Soleado,0,19%,19%,NNW,7.9,9.1,10,,,,,,,,,,
14:00,25,Soleado,0,19%,19%,NNW,7.9,9.1,10,,,,,,,,,,
15:00,25.4,Soleado,0,19%,21%,N,7.2,8.5,10,,,,,,,,,,
16:00,25.1,Soleado,0,19%,17%,NNW,6.8,8.5,10,,,,,,,,,,
17:00,23.1,Soleado,0,22%,14%,NNW,7.2,10.5,10,,,,,,,,,,
18:00,21.2,Despejado,0,26%,14%,NW,8.6,18.1,10,,,,,,,,,,
19:00,19.9,Despejado,0,28%,18%,NW,9,18.9,10,,,,,,,,,,
20:00,19,Despejado,0,28%,15%,NW,7.9,16.6,10,,,,,,,,,,
21:00,18.4,Despejado,0,29%,13%,NW,6.8,14.4,10,,,,,,,,,,
22:00,18,Despejado,0,29%,12%,NW,5.8,12.1,10,,,,,,,,,,
23:00,17.5,Despejado,0,29%,13%,NW,6.1,12.9,10,,,,,,,,,,
3,0, ,d,e, ,e,n,e,r,o,-,2,0,2,4,,,,
0:00,17.1,Despejado,0,30%,12%,NW,5.4,11.3,10,,,,,,,,,,
1:00,16.7,Despejado,0,30%,11%,NNW,5.4,11.3,10,,,,,,,,,,
2:00,16.3,Despejado,0,31%,12%,NNW,4.3,9.1,10,,,,,,,,,,
3:00,16,Despejado,0,31%,11%,NNW,4.3,9.1,10,,,,,,,,,,
4:00,15.7,Despejado,0,31%,8%,NNW,4.7,9.8,10,,,,,,,,,,
5:00,15.4,Despejado,0,31%,7%,NNW,5.4,11.3,10,,,,,,,,,,
6:00,15.1,Despejado,0,32%,7%,NNW,5,10.6,10,,,,,,,,,,
7:00,15.2,Soleado,0,32%,6%,NNW,3.6,7.6,10,,,,,,,,,,
8:00,16.7,Soleado,0,33%,5%,NW,3.2,6.8,10,,,,,,,,,,
9:00,18.7,Soleado,0,31%,4%,NW,4,7.8,10,,,,,,,,,,
10:00,20.8,Soleado,0,24%,1%,NW,5.4,7.6,10,,,,,,,,,,
11:00,22.5,Soleado,0,22%,0%,NNW,6.5,7.9,10,,,,,,,,,,
12:00,23.8,Soleado,0,20%,0%,NNW,5.4,6.5,10,,,,,,,,,,
13:00,24.8,Soleado,0,19%,0%,NNW,5.8,6.8,10,,,,,,,,,,
14:00,25.6,Soleado,0,18%,0%,NNW,5.4,6.4,10,,,,,,,,,,
15:00,26,Soleado,0,18%,0%,N,5.4,6.5,10,,,,,,,,,,
16:00,25.8,Soleado,0,18%,0%,N,4.7,5.9,10,,,,,,,,,,
17:00,23.8,Soleado,0,21%,0%,N,3.2,4.6,10,,,,,,,,,,
18:00,21.9,Despejado,0,26%,0%,NNE,3.2,6.8,10,,,,,,,,,,
19:00,20.5,Despejado,0,28%,0%,NNW,2.9,6,10,,,,,,,,,,
20:00,19.5,Despejado,0,30%,0%,N,1.4,3,10,,,,,,,,,,
21:00,18.9,Despejado,0,30%,12%,WNW,2.5,5.3,10,,,,,,,,,,
22:00,18.4,Parcialmente nublado,0,30%,32%,WNW,4.3,9.1,10,,,,,,,,,,
23:00,18,Despejado,0,31%,9%,NW,3.6,7.6,10,,,,,,,,,,
3,1, ,d,e, ,e,n,e,r,o,-,2,0,2,4,,,,
0:00,17.6,Despejado,0,32%,0%,SE,6.5,13.6,10,,,,,,,,,,
1:00,17,Despejado,0,34%,7%,SE,4.7,9.8,10,,,,,,,,,,
2:00,16.5,Despejado,0,35%,5%,ESE,5.4,11.3,10,,,,,,,,,,
3:00,16,Despejado,0,36%,9%,ESE,5.8,12.1,10,,,,,,,,,,
4:00,15.5,Despejado,0,38%,12%,E,5.4,11.3,10,,,,,,,,,,
5:00,15.1,Despejado,0,39%,10%,ESE,5.8,12.1,10,,,,,,,,,,
6:00,14.8,Despejado,0,40%,10%,ESE,7.2,15.1,10,,,,,,,,,,
7:00,14.7,Soleado,0,41%,14%,SE,6.1,12.9,10,,,,,,,,,,
8:00,16,Nublado,0,41%,77%,SE,7.6,15.9,10,,,,,,,,,,
9:00,18,Cielo cubierto,0,36%,100%,SE,5.4,9.6,10,,,,,,,,,,
10:00,19.8,Soleado,0,30%,9%,SE,5.8,7.5,10,,,,,,,,,,
11:00,21.5,Soleado,0,27%,10%,SE,7.6,8.9,10,,,,,,,,,,
12:00,22.9,Soleado,0,24%,4%,SSE,7.2,8.3,10,,,,,,,,,,
13:00,24.1,Soleado,0,22%,10%,SSE,7.9,9.1,10,,,,,,,,,,
14:00,24.9,Soleado,0,20%,12%,SSE,9.4,10.8,10,,,,,,,,,,
15:00,25.4,Soleado,0,19%,6%,SSE,10.8,12.4,10,,,,,,,,,,
16:00,25.4,Soleado,0,19%,8%,SSE,10.1,12,10,,,,,,,,,,
17:00,23.8,Soleado,0,19%,17%,SSE,9.4,12.5,10,,,,,,,,,,
18:00,22,Despejado,0,24%,12%,SE,9,18.4,10,,,,,,,,,,
19:00,20.5,Despejado,0,27%,7%,SE,12.2,25.7,10,,,,,,,,,,
20:00,19.2,Despejado,0,30%,4%,SE,11.9,24.9,10,,,,,,,,,,
21:00,18.2,Despejado,0,32%,3%,SSE,8.3,17.4,10,,,,,,,,,,
22:00,17.3,Despejado,0,35%,16%,SSE,4.3,9.1,10,,,,,,,,,,
23:00,16.5,Despejado,0,38%,15%,ESE,1.4,3,10,,,,,,,,,,
1, ,d,e, ,f,e,b,r,e,r,o,-,2,0,2,4,,,
0:00,15.9,Despejado,0,40%,3%,ENE,3.6,7.6,10,,,,,,,,,,
1:00,15.4,Despejado,0,42%,3%,E,4.7,9.8,10,,,,,,,,,,
2:00,14.9,Despejado,0,43%,5%,ENE,4.3,9.1,10,,,,,,,,,,
3:00,14.4,Despejado,0,45%,16%,ENE,6.1,12.9,10,,,,,,,,,,
4:00,14.6,Parcialmente nublado,0,48%,48%,NE,5.4,11.3,10,,,,,,,,,,
5:00,14.8,Parcialmente nublado,0,46%,48%,NE,6.5,13.1,10,,,,,,,,,,
6:00,14.9,Parcialmente nublado,0,46%,49%,ENE,2.2,4.2,10,,,,,,,,,,
7:00,15.1,Cielo cubierto,0,46%,91%,ENE,5.8,10.9,10,,,,,,,,,,
8:00,15.7,Parcialmente nublado,0,46%,55%,SE,4.7,8.3,10,,,,,,,,,,
9:00,15.9,Parcialmente nublado,0,44%,53%,SE,6.8,10.2,10,,,,,,,,,,
10:00,15.7,Lluvia moderada a intervalos,"0,1",46%,52%,ENE,9.4,14,10,,,,,,,,,,
11:00,14.5,Lluvias ligeras a intervalos,"0,8",53%,59%,NNE,9.7,13.5,9,,,,,,,,,,
12:00,13.9,Lluvias ligeras a intervalos,"0,8",74%,74%,NNE,13,18.5,9,,,,,,,,,,
13:00,13.5,Llovizna,"0,4",74%,77%,N,8.3,11.1,2,,,,,,,,,,
14:00,13.9,Parcialmente nublado,0,75%,48%,ENE,10.1,13.6,10,,,,,,,,,,
15:00,13.8,Llovizna,"0,4",70%,92%,SE,9,11.1,2,,,,,,,,,,
16:00,13.5,Lluvia moderada,"3,1",75%,78%,S,10.4,13.8,7,,,,,,,,,,
17:00,13.5,Llovizna,"0,4",81%,100%,S,9.7,13.5,2,,,,,,,,,,
18:00,13.5,Lluvia moderada a intervalos,"0,1",79%,56%,SSE,10.1,14.5,10,,,,,,,,,,
19:00,13.4,Nublado,0,77%,85%,S,10.8,16.8,10,,,,,,,,,,
20:00,13.1,Parcialmente nublado,0,76%,34%,SSW,10.4,18.2,10,,,,,,,,,,
21:00,12.7,Despejado,0,77%,16%,SSW,11.2,21.5,10,,,,,,,,,,
22:00,12.7,Despejado,0,77%,8%,SW,12.2,24.6,10,,,,,,,,,,
23:00,12.7,Despejado,0,72%,7%,WSW,15.5,30.7,10,,,,,,,,,,
2, ,d,e, ,f,e,b,r,e,r,o,-,2,0,2,4,,,
0:00,12.4,Despejado,0,75%,9%,WSW,14.8,29.8,10,,,,,,,,,,
1:00,12.4,Despejado,0,68%,5%,WSW,20.5,39,10,,,,,,,,,,
2:00,12.5,Despejado,0,66%,4%,W,22.7,42.7,10,,,,,,,,,,
3:00,12.4,Despejado,0,63%,4%,W,24.5,45.4,10,,,,,,,,,,
4:00,12.3,Despejado,0,62%,4%,W,23,43,10,,,,,,,,,,
5:00,12.3,Despejado,0,61%,6%,WSW,21.6,40.7,10,,,,,,,,,,
6:00,12.2,Despejado,0,59%,6%,WSW,20.9,39.6,10,,,,,,,,,,
7:00,12.3,Soleado,0,59%,6%,WSW,19.4,37.3,10,,,,,,,,,,
8:00,13.3,Soleado,0,59%,9%,WSW,20.2,37.6,10,,,,,,,,,,
9:00,14.6,Soleado,0,55%,6%,WSW,22.7,33.7,10,,,,,,,,,,
10:00,15.9,Soleado,0,48%,5%,WSW,28.1,34.5,10,,,,,,,,,,
11:00,17,Soleado,0,42%,4%,W,31.7,36.4,10,,,,,,,,,,
12:00,17.8,Soleado,0,37%,3%,W,32.4,37.3,10,,,,,,,,,,
13:00,18.4,Soleado,0,33%,7%,W,33.5,38.5,10,,,,,,,,,,
14:00,18.7,Soleado,0,32%,12%,W,33.1,38.1,10,,,,,,,,,,
15:00,18.7,Soleado,0,33%,16%,W,34.2,39.3,10,,,,,,,,,,
16:00,18.1,Soleado,0,34%,7%,W,35.6,41,10,,,,,,,,,,
17:00,16.9,Soleado,0,37%,22%,W,34.9,43.9,10,,,,,,,,,,
18:00,15.8,Despejado,0,43%,13%,W,32,46.8,10,,,,,,,,,,
19:00,14.9,Despejado,0,48%,8%,W,32.4,49.7,10,,,,,,,,,,
20:00,14.2,Despejado,0,49%,12%,W,31.3,48.6,10,,,,,,,,,,
21:00,13.7,Despejado,0,50%,6%,W,28.8,46,10,,,,,,,,,,
22:00,13.4,Despejado,0,52%,5%,W,30.2,48.3,10,,,,,,,,,,
23:00,13.2,Despejado,0,53%,4%,W,28.4,45.9,10,,,,,,,,,,
3, ,d,e, ,f,e,b,r,e,r,o,-,2,0,2,4,,,
0:00,13.4,Despejado,0,53%,0%,W,26.3,44.5,10,,,,,,,,,,
1:00,13.2,Despejado,0,53%,0%,W,26.3,44.9,10,,,,,,,,,,
2:00,13.1,Despejado,0,54%,0%,W,25.9,44.3,10,,,,,,,,,,
3:00,12.7,Despejado,0,54%,0%,W,25.6,44.2,10,,,,,,,,,,
4:00,12.4,Despejado,0,54%,0%,W,23.8,41.4,10,,,,,,,,,,
5:00,12.1,Despejado,0,56%,0%,WSW,23.8,41.8,10,,,,,,,,,,
6:00,11.9,Despejado,0,55%,1%,WSW,22.3,40.5,10,,,,,,,,,,
7:00,11.8,Soleado,0,55%,1%,WSW,18.7,35,10,,,,,,,,,,
8:00,12.7,Soleado,0,54%,5%,WSW,19.1,34.4,10,,,,,,,,,,
9:00,13.9,Soleado,0,48%,4%,WSW,17.6,24.8,10,,,,,,,,,,
10:00,15.1,Soleado,0,43%,2%,W,19.8,23.8,10,,,,,,,,,,
11:00,16.3,Soleado,0,38%,3%,W,17.6,20.3,10,,,,,,,,,,
12:00,17.4,Soleado,0,34%,10%,WSW,18.7,21.5,10,,,,,,,,,,
13:00,18.3,Soleado,0,32%,17%,WSW,16.2,18.6,10,,,,,,,,,,
14:00,19,Parcialmente nublado,0,30%,45%,WSW,15.5,17.8,10,,,,,,,,,,
15:00,19.3,Parcialmente nublado,0,30%,44%,WSW,14.8,17,10,,,,,,,,,,
16:00,19.2,Parcialmente nublado,0,31%,52%,WSW,14.8,17.1,10,,,,,,,,,,
17:00,18.3,Parcialmente nublado,0,32%,45%,WSW,14.4,18.5,10,,,,,,,,,,
18:00,17,Parcialmente nublado,0,38%,26%,WSW,11.9,19.7,10,,,,,,,,,,
19:00,16.2,Despejado,0,43%,17%,WSW,11.5,21.2,10,,,,,,,,,,
20:00,15.8,Despejado,0,46%,23%,W,11.2,19.4,10,,,,,,,,,,
21:00,15.4,Parcialmente nublado,0,47%,43%,WSW,10.4,17.5,10,,,,,,,,,,
22:00,14.8,Parcialmente nublado,0,50%,43%,WSW,6.5,11.1,10,,,,,,,,,,
23:00,14.5,Parcialmente nublado,0,53%,45%,WSW,3.6,6.6,10,,,,,,,,,,
4, ,d,e, ,f,e,b,r,e,r,o,-,2,0,2,4,,,
0:00,12.4,Parcialmente nublado,0,58%,25%,WSW,1.1,2.3,10,,,,,,,,,,
1:00,12,Despejado,0,62%,24%,ESE,2.9,6,10,,,,,,,,,,
2:00,11.9,Parcialmente nublado,0,66%,38%,SE,2.5,5.3,10,,,,,,,,,,
3:00,12.1,Parcialmente nublado,0,68%,46%,ESE,2.5,5.1,10,,,,,,,,,,
4:00,12.2,Parcialmente nublado,0,67%,45%,SE,4.3,8.1,10,,,,,,,,,,
5:00,11.8,Despejado,0,69%,12%,ESE,4.3,8,10,,,,,,,,,,
6:00,11.3,Despejado,0,75%,9%,ESE,5.8,11.7,10,,,,,,,,,,
7:00,11.3,Soleado,0,79%,9%,SE,6.5,13.5,10,,,,,,,,,,
8:00,12.3,Soleado,0,79%,8%,ESE,7.6,14.6,10,,,,,,,,,,
9:00,14,Soleado,0,70%,7%,SE,9,12.6,10,,,,,,,,,,
10:00,15.6,Soleado,0,60%,7%,SE,12.2,14.4,10,,,,,,,,,,
11:00,17.2,Soleado,0,52%,6%,SE,14.4,16.6,10,,,,,,,,,,
12:00,18.5,Soleado,0,46%,6%,SSE,14.8,17,10,,,,,,,,,,
13:00,19.6,Soleado,0,41%,6%,SSE,15.5,17.8,10,,,,,,,,,,
14:00,20.4,Soleado,0,38%,7%,SSE,16.6,19,10,,,,,,,,,,
15:00,20.9,Soleado,0,35%,8%,SSE,18.7,21.5,10,,,,,,,,,,
16:00,20.8,Soleado,0,33%,8%,SSE,20.5,23.6,10,,,,,,,,,,
17:00,19.8,Soleado,0,36%,8%,SE,21.6,27.6,10,,,,,,,,,,
18:00,18.3,Despejado,0,44%,7%,SE,19.1,30,10,,,,,,,,,,
19:00,17.2,Despejado,0,53%,6%,SE,18,32.5,10,,,,,,,,,,
20:00,16.3,Despejado,0,57%,5%,SE,17.6,31.4,10,,,,,,,,,,
21:00,15.5,Despejado,0,62%,3%,SE,16.9,30,10,,,,,,,,,,
22:00,14.7,Despejado,0,66%,2%,SE,14.8,26.8,10,,,,,,,,,,
23:00,14.1,Despejado,0,69%,2%,SE,11.5,22.3,10,,,,,,,,,,
5, ,d,e, ,f,e,b,r,e,r,o,-,2,0,2,4,,,
0:00,13.8,Despejado,0,74%,0%,SE,9.7,19.3,10,,,,,,,,,,
1:00,13.4,Despejado,0,76%,0%,SE,7.9,16.2,10,,,,,,,,,,
2:00,13.1,Despejado,0,78%,4%,SE,6.8,14.2,10,,,,,,,,,,
3:00,12.9,Despejado,0,79%,7%,ESE,7.9,16.6,10,,,,,,,,,,
4:00,12.8,Parcialmente nublado,0,79%,31%,SE,7.9,16.4,10,,,,,,,,,,
5:00,12.8,Cielo cubierto,0,79%,99%,ESE,7.6,15.4,10,,,,,,,,,,
6:00,12.7,Cielo cubierto,0,79%,98%,ESE,7.9,15.8,10,,,,,,,,,,
7:00,12.8,Cielo cubierto,0,80%,93%,ESE,6.8,13.6,10,,,,,,,,,,
8:00,13.8,Cielo cubierto,0,79%,98%,ESE,6.1,11.4,10,,,,,,,,,,
9:00,15,Cielo cubierto,0,71%,99%,ESE,5,7.2,10,,,,,,,,,,
10:00,16.3,Cielo cubierto,0,64%,97%,ESE,5,6.3,10,,,,,,,,,,
11:00,17.7,Soleado,0,57%,4%,ESE,4,4.8,10,,,,,,,,,,
12:00,18.8,Soleado,0,51%,21%,ESE,3.2,3.7,10,,,,,,,,,,
13:00,19.9,Parcialmente nublado,0,46%,45%,ESE,4.3,5,10,,,,,,,,,,
14:00,20.6,Parcialmente nublado,0,41%,47%,SE,7.2,8.3,10,,,,,,,,,,
15:00,21,Parcialmente nublado,0,38%,48%,SSE,7.6,8.8,10,,,,,,,,,,
16:00,21.1,Parcialmente nublado,0,37%,35%,SSE,7.2,8.9,10,,,,,,,,,,
17:00,20,Soleado,0,37%,15%,SE,7.9,10.2,10,,,,,,,,,,
18:00,18.7,Parcialmente nublado,0,44%,49%,SE,7.2,12.7,10,,,,,,,,,,
19:00,17.6,Parcialmente nublado,0,51%,36%,ENE,3.6,6.6,10,,,,,,,,,,
20:00,16.9,Parcialmente nublado,0,55%,48%,NNE,3.6,6.8,10,,,,,,,,,,
21:00,16.1,Parcialmente nublado,0,56%,45%,N,3.2,6.2,10,,,,,,,,,,
22:00,15,Despejado,0,59%,11%,NNW,4.3,8.1,10,,,,,,,,,,
23:00,14,Despejado,0,66%,10%,NW,5.4,11.1,10,,,,,,,,,,
6, ,d,e, ,f,e,b,r,e,r,o,-,2,0,2,4,,,
0:00,14.7,Despejado,0,57%,22%,ESE,4.7,9.8,10,,,,,,,,,,
1:00,14.6,Despejado,0,58%,16%,SE,0.7,1.5,10,,,,,,,,,,
2:00,14.4,Despejado,0,57%,5%,NW,5.4,10.9,10,,,,,,,,,,
3:00,14.4,Despejado,0,59%,10%,ENE,4.3,8.9,10,,,,,,,,,,
4:00,14.7,Parcialmente nublado,0,58%,46%,ESE,6.1,12,10,,,,,,,,,,
5:00,14.3,Lluvia moderada a intervalos,"0,1",56%,75%,NW,4.7,8.5,10,,,,,,,,,,
6:00,13.3,Lluvia moderada a intervalos,"0,1",65%,72%,NW,17.3,27.1,10,,,,,,,,,,
7:00,12.7,Periodos de lluvia moderada,"3,2",88%,53%,NNW,14.4,22,8,,,,,,,,,,
8:00,12.8,Lluvia moderada a intervalos,"0,1",91%,69%,NNW,4.7,7,10,,,,,,,,,,
9:00,13.3,Llovizna,"0,2",87%,100%,ENE,5.8,8.1,2,,,,,,,,,,
10:00,14.1,Cielo cubierto,0,81%,100%,SSE,7.9,10.1,10,,,,,,,,,,
11:00,15.4,Parcialmente nublado,0,74%,58%,SE,7.9,9.8,10,,,,,,,,,,
12:00,16.9,Lluvia moderada a intervalos,"0,0",63%,80%,SSE,10.1,11.6,10,,,,,,,,,,
13:00,18,Lluvia moderada a intervalos,"0,3",54%,71%,SSE,11.9,14,9,,,,,,,,,,
14:00,18.8,Ligeras precipitaciones,"0,4",47%,100%,SSE,10.4,12.7,10,,,,,,,,,,
15:00,18.8,Ligeras precipitaciones,"0,5",43%,100%,SSE,8.6,10.9,10,,,,,,,,,,
16:00,18.1,Ligeras precipitaciones,"0,2",44%,97%,SSE,6.8,9,10,,,,,,,,,,
17:00,17,Ligeras precipitaciones,"0,4",53%,94%,WSW,10.8,15,10,,,,,,,,,,
18:00,15.9,Cielos tormentosos en las aproximaciones,"0,0",59%,92%,WSW,8.6,13.2,9,,,,,,,,,,
19:00,15.1,Lluvia moderada a intervalos,"0,0",62%,78%,WSW,8.6,14.3,10,,,,,,,,,,
20:00,14.5,Nublado,0,61%,70%,W,9.4,15.8,10,,,,,,,,,,
21:00,14.2,Cielo cubierto,0,60%,93%,W,8.6,15.2,10,,,,,,,,,,
22:00,14.1,Nublado,0,60%,81%,WSW,9,15.5,10,,,,,,,,,,
23:00,14,Lluvia moderada a intervalos,"0,0",60%,94%,WSW,7.6,12.3,10,,,,,,,,,,
7, ,d,e, ,f,e,b,r,e,r,o,-,2,0,2,4,,,
0:00,13.1,Parcialmente nublado,0,59%,50%,WSW,12.2,21,10,,,,,,,,,,
1:00,12.8,Despejado,0,60%,23%,WSW,12.2,21.7,10,,,,,,,,,,
2:00,12.5,Despejado,0,60%,17%,W,13.7,24.9,10,,,,,,,,,,
3:00,12.3,Parcialmente nublado,0,59%,29%,W,14.4,26.4,10,,,,,,,,,,
4:00,12,Parcialmente nublado,0,57%,33%,WSW,14.4,26.4,10,,,,,,,,,,
5:00,11.8,Parcialmente nublado,0,57%,52%,WSW,10.8,20.3,10,,,,,,,,,,
6:00,11.6,Parcialmente nublado,0,57%,27%,SW,10.4,19.8,10,,,,,,,,,,
7:00,11.7,Parcialmente nublado,0,58%,47%,SW,10.8,20.9,10,,,,,,,,,,
8:00,12.6,Parcialmente nublado,0,57%,45%,WSW,11.2,19.9,10,,,,,,,,,,
9:00,13.8,Parcialmente nublado,0,51%,46%,WSW,13,18.1,10,,,,,,,,,,
10:00,15,Cielo cubierto,0,47%,93%,WSW,18,22.2,10,,,,,,,,,,
11:00,16.2,Cielo cubierto,0,41%,92%,WSW,22,25.3,10,,,,,,,,,,
12:00,17.2,Parcialmente nublado,0,37%,46%,WSW,22,25.3,10,,,,,,,,,,
13:00,17.9,Parcialmente nublado,0,34%,38%,WSW,22,25.3,10,,,,,,,,,,
14:00,18.3,Parcialmente nublado,0,32%,31%,W,27,31.1,10,,,,,,,,,,
15:00,18.1,Parcialmente nublado,0,32%,29%,W,29.5,33.9,10,,,,,,,,,,
16:00,17.6,Parcialmente nublado,0,33%,31%,W,29.9,34.4,10,,,,,,,,,,
17:00,16.6,Soleado,0,36%,10%,W,27.4,33.8,10,,,,,,,,,,
18:00,15.4,Despejado,0,42%,9%,W,25.6,36.9,10,,,,,,,,,,
19:00,14.5,Despejado,0,48%,7%,W,22.3,35.2,10,,,,,,,,,,
20:00,13.8,Despejado,0,49%,6%,W,21.6,34.6,10,,,,,,,,,,
21:00,13.2,Despejado,0,50%,0%,WSW,17.3,28.8,10,,,,,,,,,,
22:00,12.6,Despejado,0,52%,2%,WSW,14.8,25.8,10,,,,,,,,,,
23:00,12.2,Despejado,0,54%,3%,WSW,11.2,20.5,10,,,,,,,,,,
8, ,d,e, ,f,e,b,r,e,r,o,-,2,0,2,4,,,
0:00,11.9,Despejado,0,53%,9%,SSW,12.6,23.9,10,,,,,,,,,,
1:00,11.6,Despejado,0,53%,10%,S,14.8,28.3,10,,,,,,,,,,
2:00,11.4,Despejado,0,53%,6%,S,14.8,28.7,10,,,,,,,,,,
3:00,11.1,Despejado,0,54%,5%,SSE,14.8,29.1,10,,,,,,,,,,
4:00,11.4,Nublado,0,56%,83%,S,11.9,24.4,10,,,,,,,,,,
5:00,12,Cielo cubierto,0,56%,95%,SSW,9.7,18.5,10,,,,,,,,,,
6:00,11.9,Parcialmente nublado,0,56%,55%,W,14.4,23.5,10,,,,,,,,,,
7:00,12.1,Soleado,0,59%,21%,W,17.6,31.4,10,,,,,,,,,,
8:00,12.7,Soleado,0,55%,23%,WNW,23,37.4,10,,,,,,,,,,
9:00,13.4,Soleado,0,50%,22%,WNW,25.9,35.5,10,,,,,,,,,,
10:00,14.1,Parcialmente nublado,0,49%,34%,W,28.1,33,10,,,,,,,,,,
11:00,14.6,Parcialmente nublado,0,44%,59%,W,29.5,34,10,,,,,,,,,,
12:00,14.6,Parcialmente nublado,0,44%,42%,W,28.8,33.1,10,,,,,,,,,,
13:00,15.6,Soleado,0,44%,22%,W,28.8,33.4,10,,,,,,,,,,
14:00,16.1,Parcialmente nublado,0,34%,36%,W,32.8,37.7,10,,,,,,,,,,
15:00,16.3,Parcialmente nublado,0,32%,26%,W,33.8,38.9,10,,,,,,,,,,
16:00,16.1,Soleado,0,32%,16%,W,33.5,38.5,10,,,,,,,,,,
17:00,15.2,Soleado,0,35%,9%,W,31,37.8,10,,,,,,,,,,
18:00,14.2,Despejado,0,40%,4%,W,27.4,39.2,10,,,,,,,,,,
19:00,13.5,Despejado,0,46%,3%,WSW,24.1,38.4,10,,,,,,,,,,
20:00,13.1,Despejado,0,48%,3%,WSW,22.3,36.5,10,,,,,,,,,,
21:00,12.7,Despejado,0,50%,4%,WSW,20.9,34.7,10,,,,,,,,,,
22:00,12.4,Despejado,0,52%,2%,WSW,17.3,30.1,10,,,,,,,,,,
23:00,12.1,Despejado,0,54%,3%,WSW,17.3,30.5,10,,,,,,,,,,
9, ,d,e, ,f,e,b,r,e,r,o,-,2,0,2,4,,,
0:00,12.2,Despejado,0,54%,3%,WSW,13.7,25.5,10,,,,,,,,,,
1:00,11.9,Despejado,0,55%,7%,SW,11.2,21.7,10,,,,,,,,,,
2:00,11.8,Despejado,0,56%,15%,WSW,10.1,20.1,10,,,,,,,,,,
3:00,11.7,Parcialmente nublado,0,56%,27%,WSW,9.4,17.7,10,,,,,,,,,,
4:00,11.7,Nublado,0,57%,72%,WSW,9,16.8,10,,,,,,,,,,
5:00,11.8,Cielo cubierto,0,57%,100%,SW,8.3,15.2,10,,,,,,,,,,
6:00,11.8,Cielo cubierto,0,56%,100%,SW,7.6,13.9,10,,,,,,,,,,
7:00,11.7,Cielo cubierto,0,56%,95%,S,6.8,12.4,10,,,,,,,,,,
8:00,12.5,Parcialmente nublado,0,56%,44%,S,5.8,10.2,10,,,,,,,,,,
9:00,13.6,Parcialmente nublado,0,50%,41%,SW,4.7,6.4,10,,,,,,,,,,
10:00,14.7,Parcialmente nublado,0,46%,50%,WSW,6.5,8,10,,,,,,,,,,
11:00,15.9,Parcialmente nublado,0,42%,32%,SSW,9,10.4,10,,,,,,,,,,
12:00,16.7,Parcialmente nublado,0,38%,34%,SW,10.8,12.4,10,,,,,,,,,,
13:00,17.1,Nublado,0,37%,79%,WSW,14,16.2,10,,,,,,,,,,
14:00,17.5,Parcialmente nublado,0,36%,46%,W,18.7,21.5,10,,,,,,,,,,
15:00,17.6,Parcialmente nublado,0,34%,46%,W,23.8,27.3,10,,,,,,,,,,
16:00,17.4,Soleado,0,33%,18%,W,25.6,29.4,10,,,,,,,,,,
17:00,16.5,Soleado,0,36%,12%,W,26.3,31.7,10,,,,,,,,,,
18:00,15.3,Despejado,0,41%,9%,W,27.4,39.1,10,,,,,,,,,,
19:00,14.4,Despejado,0,47%,5%,W,25.9,40.5,10,,,,,,,,,,
20:00,13.8,Despejado,0,48%,3%,W,23.8,37.8,10,,,,,,,,,,
21:00,13.4,Despejado,0,50%,3%,W,22.3,36.2,10,,,,,,,,,,
22:00,13,Despejado,0,51%,4%,W,21.2,35,10,,,,,,,,,,
23:00,12.5,Despejado,0,52%,4%,W,22,36.2,10,,,,,,,,,,
1,0, ,d,e, ,f,e,b,r,e,r,o,-,2,0,2,4,,
0:00,13.2,Parcialmente nublado,0,49%,36%,WSW,15.5,24.6,10,,,,,,,,,,
1:00,13,Despejado,0,49%,19%,W,14.8,23,10,,,,,,,,,,
2:00,12.5,Despejado,0,51%,18%,W,14.8,23.2,10,,,,,,,,,,
3:00,12,Lluvia moderada a intervalos,"0,0",54%,85%,W,15.1,26,10,,,,,,,,,,
4:00,11.1,Lluvia moderada a intervalos,"0,1",57%,89%,WNW,16.2,28,10,,,,,,,,,,
5:00,10.4,Lluvia moderada a intervalos,"0,0",67%,87%,NNW,18,27.9,10,,,,,,,,,,
6:00,10.2,Lluvia moderada a intervalos,"0,1",68%,100%,N,15.1,23.8,10,,,,,,,,,,
7:00,10.2,Llovizna,"0,2",66%,79%,NNW,13,19.1,2,,,,,,,,,,
8:00,10.7,Lluvia moderada a intervalos,"0,0",65%,85%,NW,7.9,12.1,10,,,,,,,,,,
9:00,11.9,Parcialmente nublado,0,59%,37%,NW,9.7,12.5,10,,,,,,,,,,
10:00,13.2,Lluvia moderada a intervalos,"0,0",52%,78%,NNW,13,14.9,10,,,,,,,,,,
11:00,14.6,Parcialmente nublado,0,43%,37%,NNW,14.4,16.6,10,,,,,,,,,,
12:00,15.7,Parcialmente nublado,0,37%,50%,NNW,18.4,21.1,10,,,,,,,,,,
13:00,16.8,Parcialmente nublado,0,33%,45%,NW,21.6,24.8,10,,,,,,,,,,
14:00,17.5,Soleado,0,29%,24%,NNW,24.5,28.2,10,,,,,,,,,,
15:00,17.9,Soleado,0,26%,15%,NNW,25.6,29.4,10,,,,,,,,,,
16:00,17.9,Soleado,0,25%,11%,NNW,25.9,29.8,10,,,,,,,,,,
17:00,17.2,Soleado,0,25%,10%,NNW,25.2,31.3,10,,,,,,,,,,
18:00,15.6,Despejado,0,28%,8%,NNW,19.1,29.4,10,,,,,,,,,,
19:00,14.3,Despejado,0,34%,6%,NNW,13.7,27.9,10,,,,,,,,,,
20:00,13.5,Despejado,0,37%,4%,NNW,12.2,25.7,10,,,,,,,,,,
21:00,12.8,Despejado,0,38%,4%,NNW,11.9,24.9,10,,,,,,,,,,
22:00,12.3,Despejado,0,37%,4%,NNW,11.2,23.4,10,,,,,,,,,,
23:00,11.8,Despejado,0,38%,5%,NW,10.4,21.9,10,,,,,,,,,,
1,1, ,d,e, ,f,e,b,r,e,r,o,-,2,0,2,4,,
0:00,10.7,Despejado,0,35%,2%,NW,5.4,11.3,10,,,,,,,,,,
1:00,10.3,Despejado,0,37%,2%,WNW,6.8,14.4,10,,,,,,,,,,
2:00,10,Despejado,0,39%,1%,WNW,7.6,15.9,10,,,,,,,,,,
3:00,9.8,Despejado,0,40%,1%,NW,8.3,17.4,10,,,,,,,,,,
4:00,9.6,Despejado,0,39%,0%,NW,8.6,18.1,10,,,,,,,,,,
5:00,9.4,Despejado,0,38%,0%,NW,8.6,18.1,10,,,,,,,,,,
6:00,9.2,Despejado,0,37%,0%,NW,8.6,18.1,10,,,,,,,,,,
7:00,9.4,Soleado,0,35%,0%,NW,7.9,16.6,10,,,,,,,,,,
8:00,11,Soleado,0,33%,0%,NW,7.6,15.9,10,,,,,,,,,,
9:00,13.1,Soleado,0,27%,0%,NNW,7.2,11.4,10,,,,,,,,,,
10:00,15.1,Soleado,0,22%,0%,NNW,8.3,9.9,10,,,,,,,,,,
11:00,16.6,Soleado,0,18%,0%,N,10.1,11.6,10,,,,,,,,,,
12:00,17.8,Soleado,0,16%,0%,N,13.3,15.3,10,,,,,,,,,,
13:00,18.7,Soleado,0,14%,0%,NNE,14.8,17,10,,,,,,,,,,
14:00,19.3,Soleado,0,13%,0%,NNE,14.4,16.6,10,,,,,,,,,,
15:00,19.5,Soleado,0,13%,0%,NNE,14,16.2,10,,,,,,,,,,
16:00,19.3,Soleado,0,13%,0%,NNE,13.3,15.3,10,,,,,,,,,,
17:00,17.9,Soleado,0,13%,0%,NE,12.6,15.8,10,,,,,,,,,,
18:00,15.9,Despejado,0,17%,0%,NE,10.1,18.1,10,,,,,,,,,,
19:00,14.4,Despejado,0,20%,0%,ENE,7.9,16.6,10,,,,,,,,,,
20:00,13.3,Despejado,0,22%,0%,ENE,4.3,9.1,10,,,,,,,,,,
21:00,12.5,Despejado,0,23%,0%,NE,1.8,3.8,10,,,,,,,,,,
22:00,12,Despejado,0,23%,0%,NW,1.8,3.8,10,,,,,,,,,,
23:00,11.4,Despejado,0,24%,0%,W,3.2,6.8,10,,,,,,,,,,
1,2, ,d,e, ,f,e,b,r,e,r,o,-,2,0,2,4,,
0:00,10.6,Despejado,0,24%,0%,N,4.3,9.1,10,,,,,,,,,,
1:00,10.2,Despejado,0,25%,0%,N,3.2,6.8,10,,,,,,,,,,
2:00,9.9,Despejado,0,26%,2%,N,2.9,6,10,,,,,,,,,,
3:00,9.6,Despejado,0,27%,7%,NNE,3.2,6.8,10,,,,,,,,,,
4:00,9.3,Despejado,0,28%,8%,NNE,2.9,6,10,,,,,,,,,,
5:00,8.9,Despejado,0,28%,4%,NNE,2.9,6,10,,,,,,,,,,
6:00,8.7,Despejado,0,29%,0%,NE,1.8,3.8,10,,,,,,,,,,
7:00,8.9,Soleado,0,29%,0%,NE,1.8,3.8,10,,,,,,,,,,
8:00,10.8,Soleado,0,29%,0%,NE,0.7,1.5,10,,,,,,,,,,
9:00,12.8,Soleado,0,23%,0%,E,0.7,1.2,10,,,,,,,,,,
10:00,14.7,Soleado,0,20%,0%,NNW,1.8,2.3,10,,,,,,,,,,
11:00,16.3,Soleado,0,17%,0%,NNW,2.9,3.4,10,,,,,,,,,,
12:00,17.5,Soleado,0,16%,0%,NNW,4.3,5,10,,,,,,,,,,
13:00,18.4,Soleado,0,15%,0%,N,5,5.8,10,,,,,,,,,,
14:00,19.2,Soleado,0,14%,0%,NNW,6.1,7.1,10,,,,,,,,,,
15:00,19.7,Soleado,0,13%,0%,NNW,6.8,7.9,10,,,,,,,,,,
16:00,19.7,Soleado,0,13%,0%,NNW,7.6,8.8,10,,,,,,,,,,
17:00,18.4,Soleado,0,14%,0%,NNW,7.9,10.1,10,,,,,,,,,,
18:00,16.3,Despejado,0,19%,0%,NNW,7.6,13.9,10,,,,,,,,,,
19:00,14.6,Despejado,0,22%,0%,NNW,7.9,16.6,10,,,,,,,,,,
20:00,13.4,Despejado,0,24%,0%,NNW,6.1,12.9,10,,,,,,,,,,
21:00,12.6,Despejado,0,25%,0%,NNW,3.6,7.6,10,,,,,,,,,,
22:00,12.1,Despejado,0,26%,0%,NNW,2.2,4.5,10,,,,,,,,,,
23:00,11.6,Despejado,0,26%,0%,NNW,4,8.3,10,,,,,,,,,,
1,3, ,d,e, ,f,e,b,r,e,r,o,-,2,0,2,4,,
0:00,11.1,Despejado,0,25%,0%,NW,3.2,6.8,10,,,,,,,,,,
1:00,10.8,Despejado,0,25%,0%,NW,4,8.3,10,,,,,,,,,,
2:00,10.5,Despejado,0,25%,0%,NW,4.7,9.8,10,,,,,,,,,,
3:00,10.2,Despejado,0,26%,0%,NNW,4.3,9.1,10,,,,,,,,,,
4:00,9.9,Despejado,0,26%,0%,NNW,4.3,9.1,10,,,,,,,,,,
5:00,9.6,Despejado,0,27%,0%,N,2.9,6,10,,,,,,,,,,
6:00,9.4,Despejado,0,27%,0%,NNW,2.2,4.5,10,,,,,,,,,,
7:00,9.7,Soleado,0,27%,0%,NNW,1.1,2.3,10,,,,,,,,,,
8:00,11.8,Soleado,0,27%,0%,NW,0.4,0.8,10,,,,,,,,,,
9:00,14,Soleado,0,21%,0%,ENE,0.7,1.2,10,,,,,,,,,,
10:00,16,Soleado,0,18%,0%,NW,2.5,3.2,10,,,,,,,,,,
11:00,17.7,Soleado,0,16%,0%,NNW,4,4.6,10,,,,,,,,,,
12:00,19.1,Soleado,0,15%,0%,NNW,3.6,4.1,10,,,,,,,,,,
13:00,20.2,Soleado,0,14%,0%,N,2.5,2.9,10,,,,,,,,,,
14:00,21,Soleado,0,13%,0%,NNE,0.7,0.8,10,,,,,,,,,,
15:00,21.5,Soleado,0,12%,0%,SSW,1.1,1.3,10,,,,,,,,,,
16:00,21.6,Soleado,0,12%,0%,SSE,1.8,2.2,10,,,,,,,,,,
17:00,20.2,Soleado,0,12%,10%,SE,3.2,4.1,10,,,,,,,,,,
18:00,18.1,Despejado,0,17%,0%,ESE,2.2,4.1,10,,,,,,,,,,
19:00,16.5,Despejado,0,20%,0%,ENE,3.2,6.8,10,,,,,,,,,,
20:00,15.6,Despejado,0,22%,0%,E,4,8.3,10,,,,,,,,,,
21:00,14.9,Despejado,0,22%,0%,ESE,4.3,9.1,10,,,,,,,,,,
22:00,14.2,Despejado,0,23%,1%,SSE,5.4,11.3,10,,,,,,,,,,
23:00,13.6,Despejado,0,24%,20%,SSE,4.3,9.1,10,,,,,,,,,,
1,4, ,d,e, ,f,e,b,r,e,r,o,-,2,0,2,4,,
0:00,12.7,Despejado,0,31%,0%,WNW,2.9,6,10,,,,,,,,,,
1:00,12.1,Despejado,0,36%,0%,NW,4.7,9.8,10,,,,,,,,,,
2:00,11.5,Despejado,0,42%,0%,NW,3.6,7.6,10,,,,,,,,,,
3:00,11.1,Despejado,0,47%,0%,NW,3.6,7.6,10,,,,,,,,,,
4:00,10.7,Despejado,0,49%,0%,NW,2.9,6,10,,,,,,,,,,
5:00,10.2,Despejado,0,49%,0%,NNW,2.5,5.3,10,,,,,,,,,,
6:00,9.9,Despejado,0,49%,0%,N,4,8.3,10,,,,,,,,,,
7:00,10.1,Soleado,0,48%,0%,NNE,2.5,5.3,10,,,,,,,,,,
8:00,11.8,Soleado,0,46%,0%,NNE,2.5,5.3,10,,,,,,,,,,
9:00,13.8,Soleado,0,37%,0%,ENE,1.8,2.8,10,,,,,,,,,,
10:00,15.8,Soleado,0,32%,0%,N,0.7,0.9,10,,,,,,,,,,
11:00,17.6,Soleado,0,29%,0%,NE,1.4,1.7,10,,,,,,,,,,
12:00,19.1,Soleado,0,25%,1%,ESE,2.5,2.9,10,,,,,,,,,,
13:00,20.3,Soleado,0,22%,3%,SSE,2.2,2.5,10,,,,,,,,,,
14:00,21.1,Soleado,0,20%,3%,SSE,4,4.6,10,,,,,,,,,,
15:00,21.7,Soleado,0,18%,2%,S,4.7,5.4,10,,,,,,,,,,
16:00,21.9,Soleado,0,18%,1%,S,3.6,4.3,10,,,,,,,,,,
17:00,20.8,Soleado,0,18%,1%,SSE,1.8,2.3,10,,,,,,,,,,
18:00,18.8,Despejado,0,22%,0%,WSW,0.4,0.6,10,,,,,,,,,,
19:00,17.2,Despejado,0,28%,0%,NNE,0.7,1.5,10,,,,,,,,,,
20:00,16.1,Despejado,0,31%,0%,ESE,3.6,7.6,10,,,,,,,,,,
21:00,15.4,Despejado,0,33%,0%,SE,4.7,9.8,10,,,,,,,,,,
22:00,14.9,Despejado,0,33%,1%,SSE,6.8,14.4,10,,,,,,,,,,
23:00,14.3,Despejado,0,35%,15%,SSE,5.4,11.3,10,,,,,,,,,,
1,5, ,d,e, ,f,e,b,r,e,r,o,-,2,0,2,4,,
0:00,13.5,Despejado,0,45%,0%,S,4.3,9.1,10,,,,,,,,,,
1:00,12.9,Despejado,0,47%,0%,SSW,2.5,5.3,10,,,,,,,,,,
2:00,12.4,Despejado,0,48%,0%,S,1.1,2.3,10,,,,,,,,,,
3:00,12,Despejado,0,49%,9%,N,0.7,1.5,10,,,,,,,,,,
4:00,11.5,Despejado,0,50%,7%,N,3.6,7.6,10,,,,,,,,,,
5:00,11.1,Parcialmente nublado,0,51%,29%,N,5.4,11.3,10,,,,,,,,,,
6:00,10.9,Cielo cubierto,0,52%,98%,N,2.9,6,10,,,,,,,,,,
7:00,11.2,Cielo cubierto,0,52%,99%,NNW,4.7,9.8,10,,,,,,,,,,
8:00,12.8,Parcialmente nublado,0,50%,33%,NNW,1.8,3.8,10,,,,,,,,,,
9:00,14.7,Soleado,0,42%,5%,NNW,4.7,7.2,10,,,,,,,,,,
10:00,16.7,Soleado,0,36%,5%,NNW,2.9,3.6,10,,,,,,,,,,
11:00,18.6,Soleado,0,32%,3%,NNW,5.4,6.4,10,,,,,,,,,,
12:00,20.2,Soleado,0,27%,3%,NNW,5,5.8,10,,,,,,,,,,
13:00,21.5,Soleado,0,23%,1%,NW,5.8,6.6,10,,,,,,,,,,
14:00,22.4,Soleado,0,21%,0%,NW,2.9,3.3,10,,,,,,,,,,
15:00,23,Soleado,0,20%,2%,SW,2.5,2.9,10,,,,,,,,,,
16:00,23.3,Soleado,0,20%,3%,WSW,2.2,2.6,10,,,,,,,,,,
17:00,22.2,Soleado,0,20%,2%,NW,2.2,2.7,10,,,,,,,,,,
18:00,20.2,Despejado,0,25%,1%,NNW,1.4,2.6,10,,,,,,,,,,
19:00,18.5,Despejado,0,30%,1%,N,4.7,9.8,10,,,,,,,,,,
20:00,17.3,Despejado,0,33%,0%,NNE,5.4,11.3,10,,,,,,,,,,
21:00,16.3,Despejado,0,35%,0%,NNE,4.7,9.8,10,,,,,,,,,,
22:00,15.6,Despejado,0,36%,0%,N,3.6,7.6,10,,,,,,,,,,
23:00,15,Despejado,0,37%,0%,N,1.8,3.8,10,,,,,,,,,,
1,6, ,d,e, ,f,e,b,r,e,r,o,-,2,0,2,4,,
0:00,14.6,Despejado,0,35%,2%,NNW,2.9,6,10,,,,,,,,,,
1:00,14.4,Despejado,0,36%,3%,NW,4,8.3,10,,,,,,,,,,
2:00,14,Despejado,0,36%,3%,NNW,5.4,11.3,10,,,,,,,,,,
3:00,13.7,Despejado,0,36%,2%,NNW,5.4,11.3,10,,,,,,,,,,
4:00,13.3,Despejado,0,37%,1%,NNW,5.4,11.3,10,,,,,,,,,,
5:00,13,Despejado,0,38%,0%,NNW,4.7,9.8,10,,,,,,,,,,
6:00,12.8,Despejado,0,39%,0%,NW,3.6,7.6,10,,,,,,,,,,
7:00,13.1,Soleado,0,39%,0%,NW,4.3,9.1,10,,,,,,,,,,
8:00,14.9,Soleado,0,39%,0%,NW,3.6,7.6,10,,,,,,,,,,
9:00,17,Soleado,0,32%,0%,NNW,3.2,5,10,,,,,,,,,,
10:00,18.9,Soleado,0,28%,0%,NNW,5,6.3,10,,,,,,,,,,
11:00,20.5,Soleado,0,26%,0%,NNW,6.5,7.7,10,,,,,,,,,,
12:00,21.9,Soleado,0,24%,3%,NW,5.4,6.2,10,,,,,,,,,,
13:00,23,Soleado,0,23%,3%,NW,6.8,7.9,10,,,,,,,,,,
14:00,23.8,Soleado,0,22%,3%,NW,9.7,11.2,10,,,,,,,,,,
15:00,24.1,Parcialmente nublado,0,21%,31%,NNW,10.4,12,10,,,,,,,,,,
16:00,24,Soleado,0,21%,5%,NNW,12.2,14.1,10,,,,,,,,,,
17:00,22.8,Soleado,0,22%,15%,NNW,12.6,15.7,10,,,,,,,,,,
18:00,20.9,Parcialmente nublado,0,27%,33%,NW,11.5,19.7,10,,,,,,,,,,
19:00,19.3,Parcialmente nublado,0,31%,33%,NW,10.4,21.9,10,,,,,,,,,,
20:00,18.2,Despejado,0,33%,19%,NW,8.6,18.1,10,,,,,,,,,,
21:00,17.4,Despejado,0,35%,22%,NW,7.6,15.9,10,,,,,,,,,,
22:00,16.8,Nublado,0,36%,82%,NW,6.5,13.6,10,,,,,,,,,,
23:00,16.4,Cielo cubierto,0,36%,97%,NNW,4.7,9.8,10,,,,,,,,,,
1,7, ,d,e, ,f,e,b,r,e,r,o,-,2,0,2,4,,
0:00,15.8,Despejado,0,38%,18%,NW,4,8.3,10,,,,,,,,,,
1:00,15.4,Parcialmente nublado,0,38%,32%,NW,3.2,6.8,10,,,,,,,,,,
2:00,15.1,Parcialmente nublado,0,39%,32%,NNW,4.3,9.1,10,,,,,,,,,,
3:00,14.7,Despejado,0,39%,15%,N,4,8.3,10,,,,,,,,,,
4:00,14.3,Despejado,0,40%,20%,N,2.5,5.3,10,,,,,,,,,,
5:00,14,Despejado,0,41%,6%,NNW,1.8,3.8,10,,,,,,,,,,
6:00,13.8,Despejado,0,41%,0%,W,0.4,0.8,10,,,,,,,,,,
7:00,14.3,Soleado,0,41%,0%,SW,0.7,1.5,10,,,,,,,,,,
8:00,16.3,Soleado,0,39%,0%,SW,0,0,10,,,,,,,,,,
9:00,18.5,Soleado,0,31%,0%,SE,0.7,1.1,10,,,,,,,,,,
10:00,20.5,Soleado,0,27%,0%,SSE,0.4,0.4,10,,,,,,,,,,
11:00,22.2,Soleado,0,24%,2%,WSW,0.4,0.4,10,,,,,,,,,,
12:00,23.6,Soleado,0,22%,5%,SW,1.1,1.3,10,,,,,,,,,,
13:00,24.7,Soleado,0,20%,7%,SSW,1.8,2.1,10,,,,,,,,,,
14:00,25.4,Soleado,0,18%,8%,S,2.5,2.9,10,,,,,,,,,,
15:00,25.9,Soleado,0,18%,6%,S,4.7,5.4,10,,,,,,,,,,
16:00,26,Soleado,0,17%,15%,S,5.8,6.7,10,,,,,,,,,,
17:00,24.8,Soleado,0,18%,13%,S,6.1,7.7,10,,,,,,,,,,
18:00,22.9,Despejado,0,22%,15%,SSW,5,9.3,10,,,,,,,,,,
19:00,21.4,Despejado,0,25%,14%,SSW,3.6,7.6,10,,,,,,,,,,
20:00,20.3,Despejado,0,28%,9%,SW,4.3,9.1,10,,,,,,,,,,
21:00,19.2,Parcialmente nublado,0,32%,33%,SSW,4,8.3,10,,,,,,,,,,
22:00,18.3,Despejado,0,35%,17%,SW,1.4,3,10,,,,,,,,,,
23:00,17.6,Despejado,0,40%,20%,W,5.4,11.3,10,,,,,,,,,,
1,8, ,d,e, ,f,e,b,r,e,r,o,-,2,0,2,4,,
0:00,16.8,Despejado,0,43%,22%,WNW,8.6,18.1,10,,,,,,,,,,
1:00,16.1,Despejado,0,45%,22%,WNW,10.1,21.2,10,,,,,,,,,,
2:00,15.6,Parcialmente nublado,0,46%,32%,WNW,11.2,23.4,10,,,,,,,,,,
3:00,15,Despejado,0,47%,21%,WNW,11.2,23.4,10,,,,,,,,,,
4:00,14.4,Despejado,0,48%,9%,WNW,10.8,22.7,10,,,,,,,,,,
5:00,13.9,Despejado,0,49%,17%,W,7.6,15.9,10,,,,,,,,,,
6:00,13.3,Despejado,0,48%,4%,WNW,7.2,15.1,10,,,,,,,,,,
7:00,13.4,Soleado,0,51%,5%,NW,9.7,20.4,10,,,,,,,,,,
8:00,15.1,Soleado,0,49%,3%,NNW,8.6,18.1,10,,,,,,,,,,
9:00,17.3,Soleado,0,39%,5%,NNW,6.8,10,10,,,,,,,,,,
10:00,19.4,Soleado,0,30%,4%,NNW,7.6,8.9,10,,,,,,,,,,
11:00,21.2,Soleado,0,26%,4%,NW,7.2,8.3,10,,,,,,,,,,
12:00,22.7,Soleado,0,26%,7%,WNW,6.8,7.9,10,,,,,,,,,,
13:00,23.9,Soleado,0,25%,3%,WNW,7.9,9.1,10,,,,,,,,,,
14:00,24.8,Soleado,0,25%,2%,WNW,8.3,9.5,10,,,,,,,,,,
15:00,25.4,Soleado,0,25%,1%,WNW,5.4,6.2,10,,,,,,,,,,
16:00,25.7,Soleado,0,25%,2%,W,6.5,7.5,10,,,,,,,,,,
17:00,24.8,Soleado,0,26%,3%,WNW,9.4,11.5,10,,,,,,,,,,
18:00,22.8,Despejado,0,31%,3%,WNW,9.7,16.2,10,,,,,,,,,,
19:00,21.2,Despejado,0,37%,4%,WNW,7.9,16.6,10,,,,,,,,,,
20:00,19.8,Despejado,0,39%,4%,NNW,5,10.6,10,,,,,,,,,,
21:00,18.7,Despejado,0,41%,4%,N,2.5,5.3,10,,,,,,,,,,
22:00,17.9,Despejado,0,44%,3%,NW,0.4,0.8,10,,,,,,,,,,
23:00,17.2,Despejado,0,46%,3%,NNW,0.4,0.8,10,,,,,,,,,,
1,9, ,d,e, ,f,e,b,r,e,r,o,-,2,0,2,4,,
0:00,16.8,Despejado,0,40%,4%,S,3.2,6.8,10,,,,,,,,,,
1:00,16.2,Despejado,0,42%,4%,SSW,1.8,3.8,10,,,,,,,,,,
2:00,15.7,Despejado,0,45%,5%,NNW,1.8,3.8,10,,,,,,,,,,
3:00,15.1,Despejado,0,48%,5%,N,2.9,6,10,,,,,,,,,,
4:00,14.6,Despejado,0,51%,5%,NNE,2.9,6,10,,,,,,,,,,
5:00,14.3,Despejado,0,53%,6%,ENE,1.4,3,10,,,,,,,,,,
6:00,14,Despejado,0,55%,6%,ESE,1.1,2.3,10,,,,,,,,,,
7:00,14.5,Soleado,0,56%,5%,SE,2.9,6,10,,,,,,,,,,
8:00,16.2,Soleado,0,53%,4%,SE,3.6,7.6,10,,,,,,,,,,
9:00,18.2,Soleado,0,44%,3%,SSE,3.2,4.6,10,,,,,,,,,,
10:00,20.1,Soleado,0,39%,2%,SSE,2.9,3.5,10,,,,,,,,,,
11:00,21.8,Soleado,0,34%,0%,SE,3.6,4.1,10,,,,,,,,,,
12:00,23.3,Soleado,0,29%,0%,ESE,4.7,5.4,10,,,,,,,,,,
13:00,24.4,Soleado,0,26%,0%,SE,4.7,5.4,10,,,,,,,,,,
14:00,25.3,Soleado,0,24%,0%,SE,4.7,5.4,10,,,,,,,,,,
15:00,25.8,Soleado,0,23%,2%,S,5,5.8,10,,,,,,,,,,
16:00,26,Soleado,0,22%,3%,S,5.8,6.6,10,,,,,,,,,,
17:00,25,Soleado,0,22%,5%,SSW,5,6.3,10,,,,,,,,,,
18:00,23.3,Despejado,0,26%,6%,SW,4,6.9,10,,,,,,,,,,
19:00,22.1,Parcialmente nublado,0,32%,27%,W,4.7,9.3,10,,,,,,,,,,
20:00,21,Despejado,0,36%,12%,W,2.5,4.8,10,,,,,,,,,,
21:00,19.8,Cielo cubierto,0,40%,100%,SE,0,0,10,,,,,,,,,,
22:00,18.8,Cielo cubierto,0,46%,100%,NNW,0.4,0.8,10,,,,,,,,,,
23:00,18.1,Cielo cubierto,0,49%,97%,NNE,0.7,1.5,10,,,,,,,,,,
